cpf,nome,sexo,situacao_cpf,data_nascimento,nacionalidade,nome_mae,nome_pai,documento_tipo,documento_numero,documento_orgao_expedidor,documento_uf_expedidor,endereco_bairro,endereco_cep,endereco_complemento,endereco_logradouro,endereco_municipio,endereco_numero,endereco_uf,cnh_numero_registro,cnh_categoria,cnh_data_primeira_habilitacao,cnh_data_validade,biometria_face
02083676165,CASSIO EIDI NASU,M,REGULAR,1971-05-26,1,MARIA EIDI NASU,JOÃO Bender,1,6694845,CTPS,PR,CENTRO,43734-406,,Travessa Serrano,Nova Iguaçu,8921,SE,90876194953,B,2006-02-19,2021-02-11,/9j/4TyoRXhpZgAASUkqAAgAAAAOACWIBAABAAAALhcAABABAgAGAAAAtgAAAA4BAgAFAAAAvAAAABIBAwABAAAACAAAADIBAgAUAAAAwQAAAAABBAABAAAAAAoAABMCAwABAAAAAQAAACgBAwABAAAAAgAAAAEBBAABAAAAgAcAABsBBQABAAAA1QAAADEBAgAIAAAA3QAAAGmHBAABAAAA8gAAABoBBQABAAAA5QAAAA8BAgAFAAAA7QAAAHsXAABaMDBBRABKcGVnADIwMTc6MDY6MjggMTY6NDE6MDEASAAAAAEAAABBbmRyb2lkAEgAAAABAAAAQVNVUwAjAAGgAwABAAAAAQAAAASQAgAUAAAAnAIAAJ2CBQABAAAAsAIAAAqSBQABAAAAuAIAAAKSBQABAAAAwAIAAAiSAwABAAAAAAAAAAKkAwABAAAAAAAAAJKSAgAEAAAAMzA0AAOgBAABAAAAgAcAAAWSBQABAAAAyAIAAAakAwABAAAAAAAAAJGSAgAEAAAAMzA0AASkBQABAAAA0AIAAAmkAwABAAAAAAAAACKIAwABAAAAAgAAAAqkAwABAAAAAAAAAAOk
03312394180,DENISE RAFAELE GZIK,M,REGULAR,1997-12-08,1,MARIA RAFAELE GZIK,JOÃO RAFAELE GZIK,1,6694845,FGTS,AM,CENTRO,77017-425,,Travessa Serrano,Nova Iguaçu,9748,MG,91454497229,C,2008-03-05,2021-02-21,/9j/4TyoRXhpZgAASUkqAAgAAAAOACWIBAABAAAALhcAABABAgAGAAAAtgAAAA4BAgAFAAAAvAAAABIBAwABAAAACAAAADIBAgAUAAAAwQAAAAABBAABAAAAAAoAABMCAwABAAAAAQAAACgBAwABAAAAAgAAAAEBBAABAAAAgAcAABsBBQABAAAA1QAAADEBAgAIAAAA3QAAAGmHBAABAAAA8gAAABoBBQABAAAA5QAAAA8BAgAFAAAA7QAAAHsXAABaMDBBRABKcGVnADIwMTc6MDY6MjggMTY6NDE6MDEASAAAAAEAAABBbmRyb2lkAEgAAAABAAAAQVNVUwAjAAGgAwABAAAAAQAAAASQAgAUAAAAnAIAAJ2CBQABAAAAsAIAAAqSBQABAAAAuAIAAAKSBQABAAAAwAIAAAiSAwABAAAAAAAAAAKkAwABAAAAAAAAAJKSAgAEAAAAMzA0AAOgBAABAAAAgAcAAAWSBQABAAAAyAIAAAakAwABAAAAAAAAAJGSAgAEAAAAMzA0AASkBQABAAAA0AIAAAmkAwABAAAAAAAAACKIAwABAAAAAgAAAAqkAwABAAAAAAAAAAOk
01685601006,DILSON DA SILVA CARDOSO,M,REGULAR,1983-10-23,1,MARIA DA SILVA CARDOSO,JOÃO DA SILVA CARDOSO,1,6694845,MMA,SC,CENTRO,69648-193,,Travessa Serrano,Nova Iguaçu,9176,CE,96548668009,C,1995-05-18,2021-09-14,/9j/4TyoRXhpZgAASUkqAAgAAAAOACWIBAABAAAALhcAABABAgAGAAAAtgAAAA4BAgAFAAAAvAAAABIBAwABAAAACAAAADIBAgAUAAAAwQAAAAABBAABAAAAAAoAABMCAwABAAAAAQAAACgBAwABAAAAAgAAAAEBBAABAAAAgAcAABsBBQABAAAA1QAAADEBAgAIAAAA3QAAAGmHBAABAAAA8gAAABoBBQABAAAA5QAAAA8BAgAFAAAA7QAAAHsXAABaMDBBRABKcGVnADIwMTc6MDY6MjggMTY6NDE6MDEASAAAAAEAAABBbmRyb2lkAEgAAAABAAAAQVNVUwAjAAGgAwABAAAAAQAAAASQAgAUAAAAnAIAAJ2CBQABAAAAsAIAAAqSBQABAAAAuAIAAAKSBQABAAAAwAIAAAiSAwABAAAAAAAAAAKkAwABAAAAAAAAAJKSAgAEAAAAMzA0AAOgBAABAAAAgAcAAAWSBQABAAAAyAIAAAakAwABAAAAAAAAAJGSAgAEAAAAMzA0AASkBQABAAAA0AIAAAmkAwABAAAAAAAAACKIAwABAAAAAgAAAAqkAwABAAAAAAAAAAOk
03779781166,DAIANE SCHMIDT DE AZAMBUJA,M,REGULAR,1987-07-08,1,MARIA SCHMIDT DE AZAMBUJA,JOÃO SCHMIDT DE AZAMBUJA,1,6694845,FGTS,AP,CENTRO,66703-264,,Travessa Serrano,Nova Iguaçu,2447,ES,95258224929,C,2008-11-29,2021-11-24,/9j/4TyoRXhpZgAASUkqAAgAAAAOACWIBAABAAAALhcAABABAgAGAAAAtgAAAA4BAgAFAAAAvAAAABIBAwABAAAACAAAADIBAgAUAAAAwQAAAAABBAABAAAAAAoAABMCAwABAAAAAQAAACgBAwABAAAAAgAAAAEBBAABAAAAgAcAABsBBQABAAAA1QAAADEBAgAIAAAA3QAAAGmHBAABAAAA8gAAABoBBQABAAAA5QAAAA8BAgAFAAAA7QAAAHsXAABaMDBBRABKcGVnADIwMTc6MDY6MjggMTY6NDE6MDEASAAAAAEAAABBbmRyb2lkAEgAAAABAAAAQVNVUwAjAAGgAwABAAAAAQAAAASQAgAUAAAAnAIAAJ2CBQABAAAAsAIAAAqSBQABAAAAuAIAAAKSBQABAAAAwAIAAAiSAwABAAAAAAAAAAKkAwABAAAAAAAAAJKSAgAEAAAAMzA0AAOgBAABAAAAgAcAAAWSBQABAAAAyAIAAAakAwABAAAAAAAAAJGSAgAEAAAAMzA0AASkBQABAAAA0AIAAAmkAwABAAAAAAAAACKIAwABAAAAAgAAAAqkAwABAAAAAAAAAAOk
03792507137,BRUNO BERBEL RODRIGUES,M,REGULAR,1977-06-27,1,MARIA BERBEL RODRIGUES,JOÃO BERBEL RODRIGUES,1,6694845,IPF,AL,CENTRO,80879-337,,Travessa Serrano,Nova Iguaçu,9045,PE,90777456094,B,1996-04-17,2019-01-01,/9j/4TyoRXhpZgAASUkqAAgAAAAOACWIBAABAAAALhcAABABAgAGAAAAtgAAAA4BAgAFAAAAvAAAABIBAwABAAAACAAAADIBAgAUAAAAwQAAAAABBAABAAAAAAoAABMCAwABAAAAAQAAACgBAwABAAAAAgAAAAEBBAABAAAAgAcAABsBBQABAAAA1QAAADEBAgAIAAAA3QAAAGmHBAABAAAA8gAAABoBBQABAAAA5QAAAA8BAgAFAAAA7QAAAHsXAABaMDBBRABKcGVnADIwMTc6MDY6MjggMTY6NDE6MDEASAAAAAEAAABBbmRyb2lkAEgAAAABAAAAQVNVUwAjAAGgAwABAAAAAQAAAASQAgAUAAAAnAIAAJ2CBQABAAAAsAIAAAqSBQABAAAAuAIAAAKSBQABAAAAwAIAAAiSAwABAAAAAAAAAAKkAwABAAAAAAAAAJKSAgAEAAAAMzA0AAOgBAABAAAAgAcAAAWSBQABAAAAyAIAAAakAwABAAAAAAAAAJGSAgAEAAAAMzA0AASkBQABAAAA0AIAAAmkAwABAAAAAAAAACKIAwABAAAAAgAAAAqkAwABAAAAAAAAAAOk
75773317168,DANIELLY APARECIDA ORNELA COIMBRA,M,REGULAR,1979-07-17,1,MARIA APARECIDA ORNELA COIMBRA,JOÃO APARECIDA ORNELA COIMBRA,1,6694845,SSP,PE,CENTRO,75748-476,,Travessa Serrano,Nova Iguaçu,7956,CE,98445285900,B,2005-11-30,2019-01-07,/9j/4TyoRXhpZgAASUkqAAgAAAAOACWIBAABAAAALhcAABABAgAGAAAAtgAAAA4BAgAFAAAAvAAAABIBAwABAAAACAAAADIBAgAUAAAAwQAAAAABBAABAAAAAAoAABMCAwABAAAAAQAAACgBAwABAAAAAgAAAAEBBAABAAAAgAcAABsBBQABAAAA1QAAADEBAgAIAAAA3QAAAGmHBAABAAAA8gAAABoBBQABAAAA5QAAAA8BAgAFAAAA7QAAAHsXAABaMDBBRABKcGVnADIwMTc6MDY6MjggMTY6NDE6MDEASAAAAAEAAABBbmRyb2lkAEgAAAABAAAAQVNVUwAjAAGgAwABAAAAAQAAAASQAgAUAAAAnAIAAJ2CBQABAAAAsAIAAAqSBQABAAAAuAIAAAKSBQABAAAAwAIAAAiSAwABAAAAAAAAAAKkAwABAAAAAAAAAJKSAgAEAAAAMzA0AAOgBAABAAAAgAcAAAWSBQABAAAAyAIAAAakAwABAAAAAAAAAJGSAgAEAAAAMzA0AASkBQABAAAA0AIAAAmkAwABAAAAAAAAACKIAwABAAAAAgAAAAqkAwABAAAAAAAAAAOk
81845995104,ADEMAR VEGA XIMENES,M,REGULAR,1994-06-23,1,MARIA VEGA XIMENES,JOÃO VEGA XIMENES,1,6694845,DIC,MA,CENTRO,12983-406,,Travessa Serrano,Nova Iguaçu,9754,AC,98668270420,A,1980-11-28,2018-09-02,/9j/4TyoRXhpZgAASUkqAAgAAAAOACWIBAABAAAALhcAABABAgAGAAAAtgAAAA4BAgAFAAAAvAAAABIBAwABAAAACAAAADIBAgAUAAAAwQAAAAABBAABAAAAAAoAABMCAwABAAAAAQAAACgBAwABAAAAAgAAAAEBBAABAAAAgAcAABsBBQABAAAA1QAAADEBAgAIAAAA3QAAAGmHBAABAAAA8gAAABoBBQABAAAA5QAAAA8BAgAFAAAA7QAAAHsXAABaMDBBRABKcGVnADIwMTc6MDY6MjggMTY6NDE6MDEASAAAAAEAAABBbmRyb2lkAEgAAAABAAAAQVNVUwAjAAGgAwABAAAAAQAAAASQAgAUAAAAnAIAAJ2CBQABAAAAsAIAAAqSBQABAAAAuAIAAAKSBQABAAAAwAIAAAiSAwABAAAAAAAAAAKkAwABAAAAAAAAAJKSAgAEAAAAMzA0AAOgBAABAAAAgAcAAAWSBQABAAAAyAIAAAakAwABAAAAAAAAAJGSAgAEAAAAMzA0AASkBQABAAAA0AIAAAmkAwABAAAAAAAAACKIAwABAAAAAgAAAAqkAwABAAAAAAAAAAOk
90396529100,EDERSON HAERTER DE FREITAS,M,REGULAR,1984-05-18,1,MARIA HAERTER DE FREITAS,JOÃO HAERTER DE FREITAS,1,6694845,MTE,AM,CENTRO,64353-730,,Travessa Serrano,Nova Iguaçu,9108,AP,97113461236,B,1987-04-15,2019-10-11,/9j/4TyoRXhpZgAASUkqAAgAAAAOACWIBAABAAAALhcAABABAgAGAAAAtgAAAA4BAgAFAAAAvAAAABIBAwABAAAACAAAADIBAgAUAAAAwQAAAAABBAABAAAAAAoAABMCAwABAAAAAQAAACgBAwABAAAAAgAAAAEBBAABAAAAgAcAABsBBQABAAAA1QAAADEBAgAIAAAA3QAAAGmHBAABAAAA8gAAABoBBQABAAAA5QAAAA8BAgAFAAAA7QAAAHsXAABaMDBBRABKcGVnADIwMTc6MDY6MjggMTY6NDE6MDEASAAAAAEAAABBbmRyb2lkAEgAAAABAAAAQVNVUwAjAAGgAwABAAAAAQAAAASQAgAUAAAAnAIAAJ2CBQABAAAAsAIAAAqSBQABAAAAuAIAAAKSBQABAAAAwAIAAAiSAwABAAAAAAAAAAKkAwABAAAAAAAAAJKSAgAEAAAAMzA0AAOgBAABAAAAgAcAAAWSBQABAAAAyAIAAAakAwABAAAAAAAAAJGSAgAEAAAAMzA0AASkBQABAAAA0AIAAAmkAwABAAAAAAAAACKIAwABAAAAAgAAAAqkAwABAAAAAAAAAAOk
97111686187,ADOLFO RIBEIRO GARCIA,M,REGULAR,1994-05-26,1,MARIA RIBEIRO GARCIA,JOÃO RIBEIRO GARCIA,1,6694845,DIC,PE,CENTRO,24368-911,,Travessa Serrano,Nova Iguaçu,9716,BA,91916018919,B,1985-11-22,2019-05-23,/9j/4TyoRXhpZgAASUkqAAgAAAAOACWIBAABAAAALhcAABABAgAGAAAAtgAAAA4BAgAFAAAAvAAAABIBAwABAAAACAAAADIBAgAUAAAAwQAAAAABBAABAAAAAAoAABMCAwABAAAAAQAAACgBAwABAAAAAgAAAAEBBAABAAAAgAcAABsBBQABAAAA1QAAADEBAgAIAAAA3QAAAGmHBAABAAAA8gAAABoBBQABAAAA5QAAAA8BAgAFAAAA7QAAAHsXAABaMDBBRABKcGVnADIwMTc6MDY6MjggMTY6NDE6MDEASAAAAAEAAABBbmRyb2lkAEgAAAABAAAAQVNVUwAjAAGgAwABAAAAAQAAAASQAgAUAAAAnAIAAJ2CBQABAAAAsAIAAAqSBQABAAAAuAIAAAKSBQABAAAAwAIAAAiSAwABAAAAAAAAAAKkAwABAAAAAAAAAJKSAgAEAAAAMzA0AAOgBAABAAAAgAcAAAWSBQABAAAAyAIAAAakAwABAAAAAAAAAJGSAgAEAAAAMzA0AASkBQABAAAA0AIAAAmkAwABAAAAAAAAACKIAwABAAAAAgAAAAqkAwABAAAAAAAAAAOk
73638749134,ANDRE KOVALSKI,M,REGULAR,1991-01-01,1,MARIA KOVALSKI,JOÃO KOVALSKI,1,6694845,SJS,SP,CENTRO,66562-385,,Travessa Serrano,Nova Iguaçu,2213,PR,96336047108,A,2011-05-15,2018-08-09,/9j/4TyoRXhpZgAASUkqAAgAAAAOACWIBAABAAAALhcAABABAgAGAAAAtgAAAA4BAgAFAAAAvAAAABIBAwABAAAACAAAADIBAgAUAAAAwQAAAAABBAABAAAAAAoAABMCAwABAAAAAQAAACgBAwABAAAAAgAAAAEBBAABAAAAgAcAABsBBQABAAAA1QAAADEBAgAIAAAA3QAAAGmHBAABAAAA8gAAABoBBQABAAAA5QAAAA8BAgAFAAAA7QAAAHsXAABaMDBBRABKcGVnADIwMTc6MDY6MjggMTY6NDE6MDEASAAAAAEAAABBbmRyb2lkAEgAAAABAAAAQVNVUwAjAAGgAwABAAAAAQAAAASQAgAUAAAAnAIAAJ2CBQABAAAAsAIAAAqSBQABAAAAuAIAAAKSBQABAAAAwAIAAAiSAwABAAAAAAAAAAKkAwABAAAAAAAAAJKSAgAEAAAAMzA0AAOgBAABAAAAgAcAAAWSBQABAAAAyAIAAAakAwABAAAAAAAAAJGSAgAEAAAAMzA0AASkBQABAAAA0AIAAAmkAwABAAAAAAAAACKIAwABAAAAAgAAAAqkAwABAAAAAAAAAAOk
10437854850,ASDRUBAL MARIANO DE LIMA,M,REGULAR,1971-10-25,1,MARIA MARIANO DE LIMA,JOÃO MARIANO DE LIMA,1,6694845,MAE,GO,CENTRO,74926-168,,Travessa Serrano,Nova Iguaçu,1243,DF,94725429685,C,1981-01-17,2018-06-07,/9j/4TyoRXhpZgAASUkqAAgAAAAOACWIBAABAAAALhcAABABAgAGAAAAtgAAAA4BAgAFAAAAvAAAABIBAwABAAAACAAAADIBAgAUAAAAwQAAAAABBAABAAAAAAoAABMCAwABAAAAAQAAACgBAwABAAAAAgAAAAEBBAABAAAAgAcAABsBBQABAAAA1QAAADEBAgAIAAAA3QAAAGmHBAABAAAA8gAAABoBBQABAAAA5QAAAA8BAgAFAAAA7QAAAHsXAABaMDBBRABKcGVnADIwMTc6MDY6MjggMTY6NDE6MDEASAAAAAEAAABBbmRyb2lkAEgAAAABAAAAQVNVUwAjAAGgAwABAAAAAQAAAASQAgAUAAAAnAIAAJ2CBQABAAAAsAIAAAqSBQABAAAAuAIAAAKSBQABAAAAwAIAAAiSAwABAAAAAAAAAAKkAwABAAAAAAAAAJKSAgAEAAAAMzA0AAOgBAABAAAAgAcAAAWSBQABAAAAyAIAAAakAwABAAAAAAAAAJGSAgAEAAAAMzA0AASkBQABAAAA0AIAAAmkAwABAAAAAAAAACKIAwABAAAAAgAAAAqkAwABAAAAAAAAAAOk
36571890178,EDILSON DOS SANTOS,M,REGULAR,1963-01-28,1,Sharlene Langley,Hillary Hale,1,6694845,POM,PB,CENTRO,21259-306,,Travessa Serrano,Nova Iguaçu,9945,PA,90967761970,A,2013-03-21,2018-12-30,/9j/4TyoRXhpZgAASUkqAAgAAAAOACWIBAABAAAALhcAABABAgAGAAAAtgAAAA4BAgAFAAAAvAAAABIBAwABAAAACAAAADIBAgAUAAAAwQAAAAABBAABAAAAAAoAABMCAwABAAAAAQAAACgBAwABAAAAAgAAAAEBBAABAAAAgAcAABsBBQABAAAA1QAAADEBAgAIAAAA3QAAAGmHBAABAAAA8gAAABoBBQABAAAA5QAAAA8BAgAFAAAA7QAAAHsXAABaMDBBRABKcGVnADIwMTc6MDY6MjggMTY6NDE6MDEASAAAAAEAAABBbmRyb2lkAEgAAAABAAAAQVNVUwAjAAGgAwABAAAAAQAAAASQAgAUAAAAnAIAAJ2CBQABAAAAsAIAAAqSBQABAAAAuAIAAAKSBQABAAAAwAIAAAiSAwABAAAAAAAAAAKkAwABAAAAAAAAAJKSAgAEAAAAMzA0AAOgBAABAAAAgAcAAAWSBQABAAAAyAIAAAakAwABAAAAAAAAAJGSAgAEAAAAMzA0AASkBQABAAAA0AIAAAmkAwABAAAAAAAAACKIAwABAAAAAgAAAAqkAwABAAAAAAAAAAOk
04576596101,CLEVERSON ERIC DA SILVA PAREDES,M,REGULAR,1972-08-18,1,MARIA ERIC DA SILVA PAREDES,JOÃO ERIC DA SILVA PAREDES,1,6694845,IPF,PE,CENTRO,83834-292,,Travessa Serrano,Nova Iguaçu,2391,ES,99166460997,A,1991-08-11,2017-12-30,/9j/4TyoRXhpZgAASUkqAAgAAAAOACWIBAABAAAALhcAABABAgAGAAAAtgAAAA4BAgAFAAAAvAAAABIBAwABAAAACAAAADIBAgAUAAAAwQAAAAABBAABAAAAAAoAABMCAwABAAAAAQAAACgBAwABAAAAAgAAAAEBBAABAAAAgAcAABsBBQABAAAA1QAAADEBAgAIAAAA3QAAAGmHBAABAAAA8gAAABoBBQABAAAA5QAAAA8BAgAFAAAA7QAAAHsXAABaMDBBRABKcGVnADIwMTc6MDY6MjggMTY6NDE6MDEASAAAAAEAAABBbmRyb2lkAEgAAAABAAAAQVNVUwAjAAGgAwABAAAAAQAAAASQAgAUAAAAnAIAAJ2CBQABAAAAsAIAAAqSBQABAAAAuAIAAAKSBQABAAAAwAIAAAiSAwABAAAAAAAAAAKkAwABAAAAAAAAAJKSAgAEAAAAMzA0AAOgBAABAAAAgAcAAAWSBQABAAAAyAIAAAakAwABAAAAAAAAAJGSAgAEAAAAMzA0AASkBQABAAAA0AIAAAmkAwABAAAAAAAAACKIAwABAAAAAgAAAAqkAwABAAAAAAAAAAOk
04835284127,Dodson Mcpherson,M,REGULAR,1996-01-13,1,Marguerite Stafford,Maricela Parrish,1,6694845,FGTS,RO,CENTRO,87244-445,,Travessa Serrano,Nova Iguaçu,8735,TO,92159667820,B,1982-07-07,2019-10-05,/9j/4TyoRXhpZgAASUkqAAgAAAAOACWIBAABAAAALhcAABABAgAGAAAAtgAAAA4BAgAFAAAAvAAAABIBAwABAAAACAAAADIBAgAUAAAAwQAAAAABBAABAAAAAAoAABMCAwABAAAAAQAAACgBAwABAAAAAgAAAAEBBAABAAAAgAcAABsBBQABAAAA1QAAADEBAgAIAAAA3QAAAGmHBAABAAAA8gAAABoBBQABAAAA5QAAAA8BAgAFAAAA7QAAAHsXAABaMDBBRABKcGVnADIwMTc6MDY6MjggMTY6NDE6MDEASAAAAAEAAABBbmRyb2lkAEgAAAABAAAAQVNVUwAjAAGgAwABAAAAAQAAAASQAgAUAAAAnAIAAJ2CBQABAAAAsAIAAAqSBQABAAAAuAIAAAKSBQABAAAAwAIAAAiSAwABAAAAAAAAAAKkAwABAAAAAAAAAJKSAgAEAAAAMzA0AAOgBAABAAAAgAcAAAWSBQABAAAAyAIAAAakAwABAAAAAAAAAJGSAgAEAAAAMzA0AASkBQABAAAA0AIAAAmkAwABAAAAAAAAACKIAwABAAAAAgAAAAqkAwABAAAAAAAAAAOk
04853833145,Darcy Valentine,M,REGULAR,1968-06-23,1,Belinda Reynolds,Lawson Wynn,1,6694845,SJTS,GO,CENTRO,59867-105,,Travessa Serrano,Nova Iguaçu,3752,AL,90789257050,C,1996-05-31,2020-09-21,/9j/4TyoRXhpZgAASUkqAAgAAAAOACWIBAABAAAALhcAABABAgAGAAAAtgAAAA4BAgAFAAAAvAAAABIBAwABAAAACAAAADIBAgAUAAAAwQAAAAABBAABAAAAAAoAABMCAwABAAAAAQAAACgBAwABAAAAAgAAAAEBBAABAAAAgAcAABsBBQABAAAA1QAAADEBAgAIAAAA3QAAAGmHBAABAAAA8gAAABoBBQABAAAA5QAAAA8BAgAFAAAA7QAAAHsXAABaMDBBRABKcGVnADIwMTc6MDY6MjggMTY6NDE6MDEASAAAAAEAAABBbmRyb2lkAEgAAAABAAAAQVNVUwAjAAGgAwABAAAAAQAAAASQAgAUAAAAnAIAAJ2CBQABAAAAsAIAAAqSBQABAAAAuAIAAAKSBQABAAAAwAIAAAiSAwABAAAAAAAAAAKkAwABAAAAAAAAAJKSAgAEAAAAMzA0AAOgBAABAAAAgAcAAAWSBQABAAAAyAIAAAakAwABAAAAAAAAAJGSAgAEAAAAMzA0AASkBQABAAAA0AIAAAmkAwABAAAAAAAAACKIAwABAAAAAgAAAAqkAwABAAAAAAAAAAOk
05046083124,Imelda Gonzales,M,REGULAR,1971-09-11,1,Maldonado Donovan,Andrea Hensley,1,6694845,CTPS,RJ,CENTRO,83652-806,,Travessa Serrano,Nova Iguaçu,2374,SE,91409654280,C,2013-02-07,2018-03-03,/9j/4TyoRXhpZgAASUkqAAgAAAAOACWIBAABAAAALhcAABABAgAGAAAAtgAAAA4BAgAFAAAAvAAAABIBAwABAAAACAAAADIBAgAUAAAAwQAAAAABBAABAAAAAAoAABMCAwABAAAAAQAAACgBAwABAAAAAgAAAAEBBAABAAAAgAcAABsBBQABAAAA1QAAADEBAgAIAAAA3QAAAGmHBAABAAAA8gAAABoBBQABAAAA5QAAAA8BAgAFAAAA7QAAAHsXAABaMDBBRABKcGVnADIwMTc6MDY6MjggMTY6NDE6MDEASAAAAAEAAABBbmRyb2lkAEgAAAABAAAAQVNVUwAjAAGgAwABAAAAAQAAAASQAgAUAAAAnAIAAJ2CBQABAAAAsAIAAAqSBQABAAAAuAIAAAKSBQABAAAAwAIAAAiSAwABAAAAAAAAAAKkAwABAAAAAAAAAJKSAgAEAAAAMzA0AAOgBAABAAAAgAcAAAWSBQABAAAAyAIAAAakAwABAAAAAAAAAJGSAgAEAAAAMzA0AASkBQABAAAA0AIAAAmkAwABAAAAAAAAACKIAwABAAAAAgAAAAqkAwABAAAAAAAAAAOk
05056286192,EDUARDO SOARES NEVES,M,REGULAR,1969-11-06,1,MARIA SOARES NEVES,JOÃO SOARES NEVES,1,6694845,POM,BA,CENTRO,76157-764,,Travessa Serrano,Nova Iguaçu,8743,MS,92241981759,C,1986-12-16,2019-02-19,/9j/4TyoRXhpZgAASUkqAAgAAAAOACWIBAABAAAALhcAABABAgAGAAAAtgAAAA4BAgAFAAAAvAAAABIBAwABAAAACAAAADIBAgAUAAAAwQAAAAABBAABAAAAAAoAABMCAwABAAAAAQAAACgBAwABAAAAAgAAAAEBBAABAAAAgAcAABsBBQABAAAA1QAAADEBAgAIAAAA3QAAAGmHBAABAAAA8gAAABoBBQABAAAA5QAAAA8BAgAFAAAA7QAAAHsXAABaMDBBRABKcGVnADIwMTc6MDY6MjggMTY6NDE6MDEASAAAAAEAAABBbmRyb2lkAEgAAAABAAAAQVNVUwAjAAGgAwABAAAAAQAAAASQAgAUAAAAnAIAAJ2CBQABAAAAsAIAAAqSBQABAAAAuAIAAAKSBQABAAAAwAIAAAiSAwABAAAAAAAAAAKkAwABAAAAAAAAAJKSAgAEAAAAMzA0AAOgBAABAAAAgAcAAAWSBQABAAAAyAIAAAakAwABAAAAAAAAAJGSAgAEAAAAMzA0AASkBQABAAAA0AIAAAmkAwABAAAAAAAAACKIAwABAAAAAgAAAAqkAwABAAAAAAAAAAOk
05137518743,Mercedes Browning,M,TITULAR FALECIDO,1980-09-28,1,May Lester,Jane Gonzalez,1,6694845,SJTS,TO,CENTRO,86530-786,,Travessa Serrano,Nova Iguaçu,7096,PA,99872334128,B,1998-01-29,2018-09-04,/9j/4TyoRXhpZgAASUkqAAgAAAAOACWIBAABAAAALhcAABABAgAGAAAAtgAAAA4BAgAFAAAAvAAAABIBAwABAAAACAAAADIBAgAUAAAAwQAAAAABBAABAAAAAAoAABMCAwABAAAAAQAAACgBAwABAAAAAgAAAAEBBAABAAAAgAcAABsBBQABAAAA1QAAADEBAgAIAAAA3QAAAGmHBAABAAAA8gAAABoBBQABAAAA5QAAAA8BAgAFAAAA7QAAAHsXAABaMDBBRABKcGVnADIwMTc6MDY6MjggMTY6NDE6MDEASAAAAAEAAABBbmRyb2lkAEgAAAABAAAAQVNVUwAjAAGgAwABAAAAAQAAAASQAgAUAAAAnAIAAJ2CBQABAAAAsAIAAAqSBQABAAAAuAIAAAKSBQABAAAAwAIAAAiSAwABAAAAAAAAAAKkAwABAAAAAAAAAJKSAgAEAAAAMzA0AAOgBAABAAAAgAcAAAWSBQABAAAAyAIAAAakAwABAAAAAAAAAJGSAgAEAAAAMzA0AASkBQABAAAA0AIAAAmkAwABAAAAAAAAACKIAwABAAAAAgAAAAqkAwABAAAAAAAAAAOk
05234946100,Shawna Daugherty,M,REGULAR,1965-12-23,1,Theresa Tran,Contreras Carrillo,1,6694845,ZZZ,TO,CENTRO,16038-402,,Travessa Serrano,Nova Iguaçu,7237,AL,96712427578,A,2014-01-07,2019-12-04,/9j/4TyoRXhpZgAASUkqAAgAAAAOACWIBAABAAAALhcAABABAgAGAAAAtgAAAA4BAgAFAAAAvAAAABIBAwABAAAACAAAADIBAgAUAAAAwQAAAAABBAABAAAAAAoAABMCAwABAAAAAQAAACgBAwABAAAAAgAAAAEBBAABAAAAgAcAABsBBQABAAAA1QAAADEBAgAIAAAA3QAAAGmHBAABAAAA8gAAABoBBQABAAAA5QAAAA8BAgAFAAAA7QAAAHsXAABaMDBBRABKcGVnADIwMTc6MDY6MjggMTY6NDE6MDEASAAAAAEAAABBbmRyb2lkAEgAAAABAAAAQVNVUwAjAAGgAwABAAAAAQAAAASQAgAUAAAAnAIAAJ2CBQABAAAAsAIAAAqSBQABAAAAuAIAAAKSBQABAAAAwAIAAAiSAwABAAAAAAAAAAKkAwABAAAAAAAAAJKSAgAEAAAAMzA0AAOgBAABAAAAgAcAAAWSBQABAAAAyAIAAAakAwABAAAAAAAAAJGSAgAEAAAAMzA0AASkBQABAAAA0AIAAAmkAwABAAAAAAAAACKIAwABAAAAAgAAAAqkAwABAAAAAAAAAAOk
05395649158,Patterson Schneider,M,REGULAR,1966-03-23,1,Crystal Floyd,Cathy Espinoza,1,6694845,IPF,AP,CENTRO,65816-670,,Travessa Serrano,Nova Iguaçu,4882,CE,90441959109,A,1998-09-04,2018-09-14,/9j/4TyoRXhpZgAASUkqAAgAAAAOACWIBAABAAAALhcAABABAgAGAAAAtgAAAA4BAgAFAAAAvAAAABIBAwABAAAACAAAADIBAgAUAAAAwQAAAAABBAABAAAAAAoAABMCAwABAAAAAQAAACgBAwABAAAAAgAAAAEBBAABAAAAgAcAABsBBQABAAAA1QAAADEBAgAIAAAA3QAAAGmHBAABAAAA8gAAABoBBQABAAAA5QAAAA8BAgAFAAAA7QAAAHsXAABaMDBBRABKcGVnADIwMTc6MDY6MjggMTY6NDE6MDEASAAAAAEAAABBbmRyb2lkAEgAAAABAAAAQVNVUwAjAAGgAwABAAAAAQAAAASQAgAUAAAAnAIAAJ2CBQABAAAAsAIAAAqSBQABAAAAuAIAAAKSBQABAAAAwAIAAAiSAwABAAAAAAAAAAKkAwABAAAAAAAAAJKSAgAEAAAAMzA0AAOgBAABAAAAgAcAAAWSBQABAAAAyAIAAAakAwABAAAAAAAAAJGSAgAEAAAAMzA0AASkBQABAAAA0AIAAAmkAwABAAAAAAAAACKIAwABAAAAAgAAAAqkAwABAAAAAAAAAAOk
05817727170,CRISNARA BILIBIO,M,REGULAR,1962-10-23,1,JOAO BILIBIO,JOÃO BILIBIO,1,6694845,POF,PR,CENTRO,86663-384,,Travessa Serrano,Nova Iguaçu,1544,PE,92734053712,A,1988-08-10,2018-04-05,/9j/4TyoRXhpZgAASUkqAAgAAAAOACWIBAABAAAALhcAABABAgAGAAAAtgAAAA4BAgAFAAAAvAAAABIBAwABAAAACAAAADIBAgAUAAAAwQAAAAABBAABAAAAAAoAABMCAwABAAAAAQAAACgBAwABAAAAAgAAAAEBBAABAAAAgAcAABsBBQABAAAA1QAAADEBAgAIAAAA3QAAAGmHBAABAAAA8gAAABoBBQABAAAA5QAAAA8BAgAFAAAA7QAAAHsXAABaMDBBRABKcGVnADIwMTc6MDY6MjggMTY6NDE6MDEASAAAAAEAAABBbmRyb2lkAEgAAAABAAAAQVNVUwAjAAGgAwABAAAAAQAAAASQAgAUAAAAnAIAAJ2CBQABAAAAsAIAAAqSBQABAAAAuAIAAAKSBQABAAAAwAIAAAiSAwABAAAAAAAAAAKkAwABAAAAAAAAAJKSAgAEAAAAMzA0AAOgBAABAAAAgAcAAAWSBQABAAAAyAIAAAakAwABAAAAAAAAAJGSAgAEAAAAMzA0AASkBQABAAAA0AIAAAmkAwABAAAAAAAAACKIAwABAAAAAgAAAAqkAwABAAAAAAAAAAOk
05941078145,Sharron Lindsey,M,REGULAR,1976-07-06,1,Frieda Leblanc,Nixon Dominguez,1,6694845,IFP,PE,CENTRO,22869-508,,Travessa Serrano,Nova Iguaçu,2171,RS,91263493678,B,1999-05-23,2019-03-09,/9j/4TyoRXhpZgAASUkqAAgAAAAOACWIBAABAAAALhcAABABAgAGAAAAtgAAAA4BAgAFAAAAvAAAABIBAwABAAAACAAAADIBAgAUAAAAwQAAAAABBAABAAAAAAoAABMCAwABAAAAAQAAACgBAwABAAAAAgAAAAEBBAABAAAAgAcAABsBBQABAAAA1QAAADEBAgAIAAAA3QAAAGmHBAABAAAA8gAAABoBBQABAAAA5QAAAA8BAgAFAAAA7QAAAHsXAABaMDBBRABKcGVnADIwMTc6MDY6MjggMTY6NDE6MDEASAAAAAEAAABBbmRyb2lkAEgAAAABAAAAQVNVUwAjAAGgAwABAAAAAQAAAASQAgAUAAAAnAIAAJ2CBQABAAAAsAIAAAqSBQABAAAAuAIAAAKSBQABAAAAwAIAAAiSAwABAAAAAAAAAAKkAwABAAAAAAAAAJKSAgAEAAAAMzA0AAOgBAABAAAAgAcAAAWSBQABAAAAyAIAAAakAwABAAAAAAAAAJGSAgAEAAAAMzA0AASkBQABAAAA0AIAAAmkAwABAAAAAAAAACKIAwABAAAAAgAAAAqkAwABAAAAAAAAAAOk
70052526123,Cummings Calderon,M,REGULAR,1968-12-23,1,Cindy Mayo,Fannie Torres,1,6694845,POF,MT,CENTRO,85999-141,,Travessa Serrano,Nova Iguaçu,8853,MT,99146377812,B,2014-12-05,2018-11-01,/9j/4TyoRXhpZgAASUkqAAgAAAAOACWIBAABAAAALhcAABABAgAGAAAAtgAAAA4BAgAFAAAAvAAAABIBAwABAAAACAAAADIBAgAUAAAAwQAAAAABBAABAAAAAAoAABMCAwABAAAAAQAAACgBAwABAAAAAgAAAAEBBAABAAAAgAcAABsBBQABAAAA1QAAADEBAgAIAAAA3QAAAGmHBAABAAAA8gAAABoBBQABAAAA5QAAAA8BAgAFAAAA7QAAAHsXAABaMDBBRABKcGVnADIwMTc6MDY6MjggMTY6NDE6MDEASAAAAAEAAABBbmRyb2lkAEgAAAABAAAAQVNVUwAjAAGgAwABAAAAAQAAAASQAgAUAAAAnAIAAJ2CBQABAAAAsAIAAAqSBQABAAAAuAIAAAKSBQABAAAAwAIAAAiSAwABAAAAAAAAAAKkAwABAAAAAAAAAJKSAgAEAAAAMzA0AAOgBAABAAAAgAcAAAWSBQABAAAAyAIAAAakAwABAAAAAAAAAJGSAgAEAAAAMzA0AASkBQABAAAA0AIAAAmkAwABAAAAAAAAACKIAwABAAAAAgAAAAqkAwABAAAAAAAAAAOk
76091852312,Dominique Price,M,REGULAR,1996-07-04,1,Nona Hyde,Delia Spears,1,6694845,IML,ES,CENTRO,72734-871,,Travessa Serrano,Nova Iguaçu,6226,PE,92788840047,A,1990-10-28,2018-07-02,/9j/4TyoRXhpZgAASUkqAAgAAAAOACWIBAABAAAALhcAABABAgAGAAAAtgAAAA4BAgAFAAAAvAAAABIBAwABAAAACAAAADIBAgAUAAAAwQAAAAABBAABAAAAAAoAABMCAwABAAAAAQAAACgBAwABAAAAAgAAAAEBBAABAAAAgAcAABsBBQABAAAA1QAAADEBAgAIAAAA3QAAAGmHBAABAAAA8gAAABoBBQABAAAA5QAAAA8BAgAFAAAA7QAAAHsXAABaMDBBRABKcGVnADIwMTc6MDY6MjggMTY6NDE6MDEASAAAAAEAAABBbmRyb2lkAEgAAAABAAAAQVNVUwAjAAGgAwABAAAAAQAAAASQAgAUAAAAnAIAAJ2CBQABAAAAsAIAAAqSBQABAAAAuAIAAAKSBQABAAAAwAIAAAiSAwABAAAAAAAAAAKkAwABAAAAAAAAAJKSAgAEAAAAMzA0AAOgBAABAAAAgAcAAAWSBQABAAAAyAIAAAakAwABAAAAAAAAAJGSAgAEAAAAMzA0AASkBQABAAAA0AIAAAmkAwABAAAAAAAAACKIAwABAAAAAgAAAAqkAwABAAAAAAAAAAOk
10975384600,Sargent Castaneda,M,REGULAR,1976-09-21,1,Jeanine Faulkner,Bell Le,1,6694845,PC,ES,CENTRO,68794-174,,Travessa Serrano,Nova Iguaçu,1761,SE,90207023512,A,2015-09-12,2019-01-23,/9j/4TyoRXhpZgAASUkqAAgAAAAOACWIBAABAAAALhcAABABAgAGAAAAtgAAAA4BAgAFAAAAvAAAABIBAwABAAAACAAAADIBAgAUAAAAwQAAAAABBAABAAAAAAoAABMCAwABAAAAAQAAACgBAwABAAAAAgAAAAEBBAABAAAAgAcAABsBBQABAAAA1QAAADEBAgAIAAAA3QAAAGmHBAABAAAA8gAAABoBBQABAAAA5QAAAA8BAgAFAAAA7QAAAHsXAABaMDBBRABKcGVnADIwMTc6MDY6MjggMTY6NDE6MDEASAAAAAEAAABBbmRyb2lkAEgAAAABAAAAQVNVUwAjAAGgAwABAAAAAQAAAASQAgAUAAAAnAIAAJ2CBQABAAAAsAIAAAqSBQABAAAAuAIAAAKSBQABAAAAwAIAAAiSAwABAAAAAAAAAAKkAwABAAAAAAAAAJKSAgAEAAAAMzA0AAOgBAABAAAAgAcAAAWSBQABAAAAyAIAAAakAwABAAAAAAAAAJGSAgAEAAAAMzA0AASkBQABAAAA0AIAAAmkAwABAAAAAAAAACKIAwABAAAAAgAAAAqkAwABAAAAAAAAAAOk
18025346790,Odonnell Higgins,M,Nula,1982-11-11,1,Doreen Ball,Pearl Beck,1,6694845,DIC,MA,CENTRO,52120-477,,Travessa Serrano,Nova Iguaçu,8342,RS,97118558245,B,2002-12-01,2018-03-08,/9j/4TyoRXhpZgAASUkqAAgAAAAOACWIBAABAAAALhcAABABAgAGAAAAtgAAAA4BAgAFAAAAvAAAABIBAwABAAAACAAAADIBAgAUAAAAwQAAAAABBAABAAAAAAoAABMCAwABAAAAAQAAACgBAwABAAAAAgAAAAEBBAABAAAAgAcAABsBBQABAAAA1QAAADEBAgAIAAAA3QAAAGmHBAABAAAA8gAAABoBBQABAAAA5QAAAA8BAgAFAAAA7QAAAHsXAABaMDBBRABKcGVnADIwMTc6MDY6MjggMTY6NDE6MDEASAAAAAEAAABBbmRyb2lkAEgAAAABAAAAQVNVUwAjAAGgAwABAAAAAQAAAASQAgAUAAAAnAIAAJ2CBQABAAAAsAIAAAqSBQABAAAAuAIAAAKSBQABAAAAwAIAAAiSAwABAAAAAAAAAAKkAwABAAAAAAAAAJKSAgAEAAAAMzA0AAOgBAABAAAAgAcAAAWSBQABAAAAyAIAAAakAwABAAAAAAAAAJGSAgAEAAAAMzA0AASkBQABAAAA0AIAAAmkAwABAAAAAAAAACKIAwABAAAAAgAAAAqkAwABAAAAAAAAAAOk
20160676835,Natalia Cleveland,M,REGULAR,1972-09-06,1,Verna Noble,Janis Thornton,1,6694845,SJTS,SC,CENTRO,48294-322,,Travessa Serrano,Nova Iguaçu,8152,ES,94464120308,A,2001-04-25,2019-05-05,/9j/4TyoRXhpZgAASUkqAAgAAAAOACWIBAABAAAALhcAABABAgAGAAAAtgAAAA4BAgAFAAAAvAAAABIBAwABAAAACAAAADIBAgAUAAAAwQAAAAABBAABAAAAAAoAABMCAwABAAAAAQAAACgBAwABAAAAAgAAAAEBBAABAAAAgAcAABsBBQABAAAA1QAAADEBAgAIAAAA3QAAAGmHBAABAAAA8gAAABoBBQABAAAA5QAAAA8BAgAFAAAA7QAAAHsXAABaMDBBRABKcGVnADIwMTc6MDY6MjggMTY6NDE6MDEASAAAAAEAAABBbmRyb2lkAEgAAAABAAAAQVNVUwAjAAGgAwABAAAAAQAAAASQAgAUAAAAnAIAAJ2CBQABAAAAsAIAAAqSBQABAAAAuAIAAAKSBQABAAAAwAIAAAiSAwABAAAAAAAAAAKkAwABAAAAAAAAAJKSAgAEAAAAMzA0AAOgBAABAAAAgAcAAAWSBQABAAAAyAIAAAakAwABAAAAAAAAAJGSAgAEAAAAMzA0AASkBQABAAAA0AIAAAmkAwABAAAAAAAAACKIAwABAAAAAgAAAAqkAwABAAAAAAAAAAOk
21344770835,Calderon Gill,M,REGULAR,1991-01-05,1,Lilia Sims,Patty Barrera,1,6694845,SJS,RJ,CENTRO,55138-774,,Travessa Serrano,Nova Iguaçu,8656,RN,92304639942,B,2015-04-12,2017-09-29,/9j/4TyoRXhpZgAASUkqAAgAAAAOACWIBAABAAAALhcAABABAgAGAAAAtgAAAA4BAgAFAAAAvAAAABIBAwABAAAACAAAADIBAgAUAAAAwQAAAAABBAABAAAAAAoAABMCAwABAAAAAQAAACgBAwABAAAAAgAAAAEBBAABAAAAgAcAABsBBQABAAAA1QAAADEBAgAIAAAA3QAAAGmHBAABAAAA8gAAABoBBQABAAAA5QAAAA8BAgAFAAAA7QAAAHsXAABaMDBBRABKcGVnADIwMTc6MDY6MjggMTY6NDE6MDEASAAAAAEAAABBbmRyb2lkAEgAAAABAAAAQVNVUwAjAAGgAwABAAAAAQAAAASQAgAUAAAAnAIAAJ2CBQABAAAAsAIAAAqSBQABAAAAuAIAAAKSBQABAAAAwAIAAAiSAwABAAAAAAAAAAKkAwABAAAAAAAAAJKSAgAEAAAAMzA0AAOgBAABAAAAgAcAAAWSBQABAAAAyAIAAAakAwABAAAAAAAAAJGSAgAEAAAAMzA0AASkBQABAAAA0AIAAAmkAwABAAAAAAAAACKIAwABAAAAAgAAAAqkAwABAAAAAAAAAAOk
23479805647,Crawford Bernard,M,Cancelada por Encerramento de Espólio,1977-04-15,1,Charlene Stone,Mcgowan Cameron,1,6694845,IPF,TO,CENTRO,63836-921,,Travessa Serrano,Nova Iguaçu,5754,PA,94833120234,B,1995-09-27,2019-01-13,/9j/4TyoRXhpZgAASUkqAAgAAAAOACWIBAABAAAALhcAABABAgAGAAAAtgAAAA4BAgAFAAAAvAAAABIBAwABAAAACAAAADIBAgAUAAAAwQAAAAABBAABAAAAAAoAABMCAwABAAAAAQAAACgBAwABAAAAAgAAAAEBBAABAAAAgAcAABsBBQABAAAA1QAAADEBAgAIAAAA3QAAAGmHBAABAAAA8gAAABoBBQABAAAA5QAAAA8BAgAFAAAA7QAAAHsXAABaMDBBRABKcGVnADIwMTc6MDY6MjggMTY6NDE6MDEASAAAAAEAAABBbmRyb2lkAEgAAAABAAAAQVNVUwAjAAGgAwABAAAAAQAAAASQAgAUAAAAnAIAAJ2CBQABAAAAsAIAAAqSBQABAAAAuAIAAAKSBQABAAAAwAIAAAiSAwABAAAAAAAAAAKkAwABAAAAAAAAAJKSAgAEAAAAMzA0AAOgBAABAAAAgAcAAAWSBQABAAAAyAIAAAakAwABAAAAAAAAAJGSAgAEAAAAMzA0AASkBQABAAAA0AIAAAmkAwABAAAAAAAAACKIAwABAAAAAgAAAAqkAwABAAAAAAAAAAOk
25881579801,Joni Holmes,M,REGULAR,1967-10-19,1,Joanna Rush,Dianna Chaney,1,6694845,FGTS,AL,CENTRO,68206-915,,Travessa Serrano,Nova Iguaçu,3860,RJ,92847418281,C,1981-08-06,2019-09-06,/9j/4TyoRXhpZgAASUkqAAgAAAAOACWIBAABAAAALhcAABABAgAGAAAAtgAAAA4BAgAFAAAAvAAAABIBAwABAAAACAAAADIBAgAUAAAAwQAAAAABBAABAAAAAAoAABMCAwABAAAAAQAAACgBAwABAAAAAgAAAAEBBAABAAAAgAcAABsBBQABAAAA1QAAADEBAgAIAAAA3QAAAGmHBAABAAAA8gAAABoBBQABAAAA5QAAAA8BAgAFAAAA7QAAAHsXAABaMDBBRABKcGVnADIwMTc6MDY6MjggMTY6NDE6MDEASAAAAAEAAABBbmRyb2lkAEgAAAABAAAAQVNVUwAjAAGgAwABAAAAAQAAAASQAgAUAAAAnAIAAJ2CBQABAAAAsAIAAAqSBQABAAAAuAIAAAKSBQABAAAAwAIAAAiSAwABAAAAAAAAAAKkAwABAAAAAAAAAJKSAgAEAAAAMzA0AAOgBAABAAAAgAcAAAWSBQABAAAAyAIAAAakAwABAAAAAAAAAJGSAgAEAAAAMzA0AASkBQABAAAA0AIAAAmkAwABAAAAAAAAACKIAwABAAAAAgAAAAqkAwABAAAAAAAAAAOk
28769150494,Bertha Booker,M,Cancelada por Óbito sem Espólio,1997-03-28,1,Garner Beard,Hull Solis,1,6694845,FGTS,MA,CENTRO,51235-402,,Travessa Serrano,Nova Iguaçu,6816,AC,99604551921,B,1994-05-13,2021-11-01,/9j/4TyoRXhpZgAASUkqAAgAAAAOACWIBAABAAAALhcAABABAgAGAAAAtgAAAA4BAgAFAAAAvAAAABIBAwABAAAACAAAADIBAgAUAAAAwQAAAAABBAABAAAAAAoAABMCAwABAAAAAQAAACgBAwABAAAAAgAAAAEBBAABAAAAgAcAABsBBQABAAAA1QAAADEBAgAIAAAA3QAAAGmHBAABAAAA8gAAABoBBQABAAAA5QAAAA8BAgAFAAAA7QAAAHsXAABaMDBBRABKcGVnADIwMTc6MDY6MjggMTY6NDE6MDEASAAAAAEAAABBbmRyb2lkAEgAAAABAAAAQVNVUwAjAAGgAwABAAAAAQAAAASQAgAUAAAAnAIAAJ2CBQABAAAAsAIAAAqSBQABAAAAuAIAAAKSBQABAAAAwAIAAAiSAwABAAAAAAAAAAKkAwABAAAAAAAAAJKSAgAEAAAAMzA0AAOgBAABAAAAgAcAAAWSBQABAAAAyAIAAAakAwABAAAAAAAAAJGSAgAEAAAAMzA0AASkBQABAAAA0AIAAAmkAwABAAAAAAAAACKIAwABAAAAAgAAAAqkAwABAAAAAAAAAAOk
29944253863,Kerry Perez,M,REGULAR,1962-02-18,1,Lidia Barton,Katina Russell,1,6694845,MMA,PB,CENTRO,34324-454,,Travessa Serrano,Nova Iguaçu,2341,SP,91040798312,C,2003-10-16,2019-10-02,/9j/4TyoRXhpZgAASUkqAAgAAAAOACWIBAABAAAALhcAABABAgAGAAAAtgAAAA4BAgAFAAAAvAAAABIBAwABAAAACAAAADIBAgAUAAAAwQAAAAABBAABAAAAAAoAABMCAwABAAAAAQAAACgBAwABAAAAAgAAAAEBBAABAAAAgAcAABsBBQABAAAA1QAAADEBAgAIAAAA3QAAAGmHBAABAAAA8gAAABoBBQABAAAA5QAAAA8BAgAFAAAA7QAAAHsXAABaMDBBRABKcGVnADIwMTc6MDY6MjggMTY6NDE6MDEASAAAAAEAAABBbmRyb2lkAEgAAAABAAAAQVNVUwAjAAGgAwABAAAAAQAAAASQAgAUAAAAnAIAAJ2CBQABAAAAsAIAAAqSBQABAAAAuAIAAAKSBQABAAAAwAIAAAiSAwABAAAAAAAAAAKkAwABAAAAAAAAAJKSAgAEAAAAMzA0AAOgBAABAAAAgAcAAAWSBQABAAAAyAIAAAakAwABAAAAAAAAAJGSAgAEAAAAMzA0AASkBQABAAAA0AIAAAmkAwABAAAAAAAAACKIAwABAAAAAgAAAAqkAwABAAAAAAAAAAOk
30379870819,Olsen Harris,M,REGULAR,1962-05-24,1,Burnett Herman,Patrick Lucas,1,6694845,SJS,RN,CENTRO,52412-964,,Travessa Serrano,Nova Iguaçu,9632,RS,96467191792,C,1994-10-02,2020-05-30,/9j/4TyoRXhpZgAASUkqAAgAAAAOACWIBAABAAAALhcAABABAgAGAAAAtgAAAA4BAgAFAAAAvAAAABIBAwABAAAACAAAADIBAgAUAAAAwQAAAAABBAABAAAAAAoAABMCAwABAAAAAQAAACgBAwABAAAAAgAAAAEBBAABAAAAgAcAABsBBQABAAAA1QAAADEBAgAIAAAA3QAAAGmHBAABAAAA8gAAABoBBQABAAAA5QAAAA8BAgAFAAAA7QAAAHsXAABaMDBBRABKcGVnADIwMTc6MDY6MjggMTY6NDE6MDEASAAAAAEAAABBbmRyb2lkAEgAAAABAAAAQVNVUwAjAAGgAwABAAAAAQAAAASQAgAUAAAAnAIAAJ2CBQABAAAAsAIAAAqSBQABAAAAuAIAAAKSBQABAAAAwAIAAAiSAwABAAAAAAAAAAKkAwABAAAAAAAAAJKSAgAEAAAAMzA0AAOgBAABAAAAgAcAAAWSBQABAAAAyAIAAAakAwABAAAAAAAAAJGSAgAEAAAAMzA0AASkBQABAAAA0AIAAAmkAwABAAAAAAAAACKIAwABAAAAAgAAAAqkAwABAAAAAAAAAAOk
30892490144,Lynn Grimes,M,REGULAR,1995-06-02,1,Hendrix Greer,Bradshaw Willis,1,6694845,MTE,BA,CENTRO,23194-428,,Travessa Serrano,Nova Iguaçu,3925,MA,94444492827,B,2011-03-18,2020-09-05,/9j/4TyoRXhpZgAASUkqAAgAAAAOACWIBAABAAAALhcAABABAgAGAAAAtgAAAA4BAgAFAAAAvAAAABIBAwABAAAACAAAADIBAgAUAAAAwQAAAAABBAABAAAAAAoAABMCAwABAAAAAQAAACgBAwABAAAAAgAAAAEBBAABAAAAgAcAABsBBQABAAAA1QAAADEBAgAIAAAA3QAAAGmHBAABAAAA8gAAABoBBQABAAAA5QAAAA8BAgAFAAAA7QAAAHsXAABaMDBBRABKcGVnADIwMTc6MDY6MjggMTY6NDE6MDEASAAAAAEAAABBbmRyb2lkAEgAAAABAAAAQVNVUwAjAAGgAwABAAAAAQAAAASQAgAUAAAAnAIAAJ2CBQABAAAAsAIAAAqSBQABAAAAuAIAAAKSBQABAAAAwAIAAAiSAwABAAAAAAAAAAKkAwABAAAAAAAAAJKSAgAEAAAAMzA0AAOgBAABAAAAgAcAAAWSBQABAAAAyAIAAAakAwABAAAAAAAAAJGSAgAEAAAAMzA0AASkBQABAAAA0AIAAAmkAwABAAAAAAAAACKIAwABAAAAAgAAAAqkAwABAAAAAAAAAAOk
32274813833,Flowers Stewart,M,REGULAR,1981-09-09,1,Ruiz Farrell,Cheryl Powell,1,6694845,FGTS,GO,CENTRO,22990-333,,Travessa Serrano,Nova Iguaçu,7294,RO,98265754956,B,1994-05-13,2021-12-11,/9j/4TyoRXhpZgAASUkqAAgAAAAOACWIBAABAAAALhcAABABAgAGAAAAtgAAAA4BAgAFAAAAvAAAABIBAwABAAAACAAAADIBAgAUAAAAwQAAAAABBAABAAAAAAoAABMCAwABAAAAAQAAACgBAwABAAAAAgAAAAEBBAABAAAAgAcAABsBBQABAAAA1QAAADEBAgAIAAAA3QAAAGmHBAABAAAA8gAAABoBBQABAAAA5QAAAA8BAgAFAAAA7QAAAHsXAABaMDBBRABKcGVnADIwMTc6MDY6MjggMTY6NDE6MDEASAAAAAEAAABBbmRyb2lkAEgAAAABAAAAQVNVUwAjAAGgAwABAAAAAQAAAASQAgAUAAAAnAIAAJ2CBQABAAAAsAIAAAqSBQABAAAAuAIAAAKSBQABAAAAwAIAAAiSAwABAAAAAAAAAAKkAwABAAAAAAAAAJKSAgAEAAAAMzA0AAOgBAABAAAAgAcAAAWSBQABAAAAyAIAAAakAwABAAAAAAAAAJGSAgAEAAAAMzA0AASkBQABAAAA0AIAAAmkAwABAAAAAAAAACKIAwABAAAAAgAAAAqkAwABAAAAAAAAAAOk
32945426900,Richards Mckenzie,M,REGULAR,1990-09-05,1,Josie Pace,Mckenzie Horton,1,6694845,SJTS,TO,CENTRO,60413-993,,Travessa Serrano,Nova Iguaçu,4862,MT,99756914433,C,2007-12-26,2018-03-21,/9j/4TyoRXhpZgAASUkqAAgAAAAOACWIBAABAAAALhcAABABAgAGAAAAtgAAAA4BAgAFAAAAvAAAABIBAwABAAAACAAAADIBAgAUAAAAwQAAAAABBAABAAAAAAoAABMCAwABAAAAAQAAACgBAwABAAAAAgAAAAEBBAABAAAAgAcAABsBBQABAAAA1QAAADEBAgAIAAAA3QAAAGmHBAABAAAA8gAAABoBBQABAAAA5QAAAA8BAgAFAAAA7QAAAHsXAABaMDBBRABKcGVnADIwMTc6MDY6MjggMTY6NDE6MDEASAAAAAEAAABBbmRyb2lkAEgAAAABAAAAQVNVUwAjAAGgAwABAAAAAQAAAASQAgAUAAAAnAIAAJ2CBQABAAAAsAIAAAqSBQABAAAAuAIAAAKSBQABAAAAwAIAAAiSAwABAAAAAAAAAAKkAwABAAAAAAAAAJKSAgAEAAAAMzA0AAOgBAABAAAAgAcAAAWSBQABAAAAyAIAAAakAwABAAAAAAAAAJGSAgAEAAAAMzA0AASkBQABAAAA0AIAAAmkAwABAAAAAAAAACKIAwABAAAAAgAAAAqkAwABAAAAAAAAAAOk
36655350000,Huffman Nolan,M,REGULAR,1985-06-29,1,Augusta Morgan,York Castro,1,6694845,CTPS,SC,CENTRO,30046-927,,Travessa Serrano,Nova Iguaçu,2940,SP,95377545470,C,2000-12-05,2018-02-28,/9j/4TyoRXhpZgAASUkqAAgAAAAOACWIBAABAAAALhcAABABAgAGAAAAtgAAAA4BAgAFAAAAvAAAABIBAwABAAAACAAAADIBAgAUAAAAwQAAAAABBAABAAAAAAoAABMCAwABAAAAAQAAACgBAwABAAAAAgAAAAEBBAABAAAAgAcAABsBBQABAAAA1QAAADEBAgAIAAAA3QAAAGmHBAABAAAA8gAAABoBBQABAAAA5QAAAA8BAgAFAAAA7QAAAHsXAABaMDBBRABKcGVnADIwMTc6MDY6MjggMTY6NDE6MDEASAAAAAEAAABBbmRyb2lkAEgAAAABAAAAQVNVUwAjAAGgAwABAAAAAQAAAASQAgAUAAAAnAIAAJ2CBQABAAAAsAIAAAqSBQABAAAAuAIAAAKSBQABAAAAwAIAAAiSAwABAAAAAAAAAAKkAwABAAAAAAAAAJKSAgAEAAAAMzA0AAOgBAABAAAAgAcAAAWSBQABAAAAyAIAAAakAwABAAAAAAAAAJGSAgAEAAAAMzA0AASkBQABAAAA0AIAAAmkAwABAAAAAAAAACKIAwABAAAAAgAAAAqkAwABAAAAAAAAAAOk
40442820135,João da Silva,M,REGULAR,1993-06-01,1,Marcelo da Silva,Joana da Silva,1,6694845,CTPS,PI,CENTRO,20492-488,,Travessa Serrano,Nova Iguaçu,3421,BA,95171400621,A,2003-07-13,2019-02-20,/9j/4TyoRXhpZgAASUkqAAgAAAAOACWIBAABAAAALhcAABABAgAGAAAAtgAAAA4BAgAFAAAAvAAAABIBAwABAAAACAAAADIBAgAUAAAAwQAAAAABBAABAAAAAAoAABMCAwABAAAAAQAAACgBAwABAAAAAgAAAAEBBAABAAAAgAcAABsBBQABAAAA1QAAADEBAgAIAAAA3QAAAGmHBAABAAAA8gAAABoBBQABAAAA5QAAAA8BAgAFAAAA7QAAAHsXAABaMDBBRABKcGVnADIwMTc6MDY6MjggMTY6NDE6MDEASAAAAAEAAABBbmRyb2lkAEgAAAABAAAAQVNVUwAjAAGgAwABAAAAAQAAAASQAgAUAAAAnAIAAJ2CBQABAAAAsAIAAAqSBQABAAAAuAIAAAKSBQABAAAAwAIAAAiSAwABAAAAAAAAAAKkAwABAAAAAAAAAJKSAgAEAAAAMzA0AAOgBAABAAAAgAcAAAWSBQABAAAAyAIAAAakAwABAAAAAAAAAJGSAgAEAAAAMzA0AASkBQABAAAA0AIAAAmkAwABAAAAAAAAACKIAwABAAAAAgAAAAqkAwABAAAAAAAAAAOk
40483142115,Carey Little,M,REGULAR,1977-05-09,1,Graves Carpenter,Buck Wallace,1,6694845,CTPS,SP,CENTRO,65249-520,,Travessa Serrano,Nova Iguaçu,1780,MA,99167484313,C,2002-11-07,2019-12-05,/9j/4TyoRXhpZgAASUkqAAgAAAAOACWIBAABAAAALhcAABABAgAGAAAAtgAAAA4BAgAFAAAAvAAAABIBAwABAAAACAAAADIBAgAUAAAAwQAAAAABBAABAAAAAAoAABMCAwABAAAAAQAAACgBAwABAAAAAgAAAAEBBAABAAAAgAcAABsBBQABAAAA1QAAADEBAgAIAAAA3QAAAGmHBAABAAAA8gAAABoBBQABAAAA5QAAAA8BAgAFAAAA7QAAAHsXAABaMDBBRABKcGVnADIwMTc6MDY6MjggMTY6NDE6MDEASAAAAAEAAABBbmRyb2lkAEgAAAABAAAAQVNVUwAjAAGgAwABAAAAAQAAAASQAgAUAAAAnAIAAJ2CBQABAAAAsAIAAAqSBQABAAAAuAIAAAKSBQABAAAAwAIAAAiSAwABAAAAAAAAAAKkAwABAAAAAAAAAJKSAgAEAAAAMzA0AAOgBAABAAAAgAcAAAWSBQABAAAAyAIAAAakAwABAAAAAAAAAJGSAgAEAAAAMzA0AASkBQABAAAA0AIAAAmkAwABAAAAAAAAACKIAwABAAAAAgAAAAqkAwABAAAAAAAAAAOk
40488780187,Sweeney Fuller,M,PENDENTE DE REGULARIZACAO,1997-10-02,1,Lynda Sparks,Chavez Rojas,1,6694845,ZZZ,PB,CENTRO,42393-474,,Travessa Serrano,Nova Iguaçu,9230,SE,91958141806,A,1985-06-03,2020-07-22,/9j/4TyoRXhpZgAASUkqAAgAAAAOACWIBAABAAAALhcAABABAgAGAAAAtgAAAA4BAgAFAAAAvAAAABIBAwABAAAACAAAADIBAgAUAAAAwQAAAAABBAABAAAAAAoAABMCAwABAAAAAQAAACgBAwABAAAAAgAAAAEBBAABAAAAgAcAABsBBQABAAAA1QAAADEBAgAIAAAA3QAAAGmHBAABAAAA8gAAABoBBQABAAAA5QAAAA8BAgAFAAAA7QAAAHsXAABaMDBBRABKcGVnADIwMTc6MDY6MjggMTY6NDE6MDEASAAAAAEAAABBbmRyb2lkAEgAAAABAAAAQVNVUwAjAAGgAwABAAAAAQAAAASQAgAUAAAAnAIAAJ2CBQABAAAAsAIAAAqSBQABAAAAuAIAAAKSBQABAAAAwAIAAAiSAwABAAAAAAAAAAKkAwABAAAAAAAAAJKSAgAEAAAAMzA0AAOgBAABAAAAgAcAAAWSBQABAAAAyAIAAAakAwABAAAAAAAAAJGSAgAEAAAAMzA0AASkBQABAAAA0AIAAAmkAwABAAAAAAAAACKIAwABAAAAAgAAAAqkAwABAAAAAAAAAAOk
40532176871,Mara Petty,M,Suspensa,1967-02-25,1,Julia Vasquez,Nguyen Pearson,1,6694845,POM,BA,CENTRO,23160-970,,Travessa Serrano,Nova Iguaçu,9302,AC,94083585750,B,1994-01-10,2019-05-29,/9j/4TyoRXhpZgAASUkqAAgAAAAOACWIBAABAAAALhcAABABAgAGAAAAtgAAAA4BAgAFAAAAvAAAABIBAwABAAAACAAAADIBAgAUAAAAwQAAAAABBAABAAAAAAoAABMCAwABAAAAAQAAACgBAwABAAAAAgAAAAEBBAABAAAAgAcAABsBBQABAAAA1QAAADEBAgAIAAAA3QAAAGmHBAABAAAA8gAAABoBBQABAAAA5QAAAA8BAgAFAAAA7QAAAHsXAABaMDBBRABKcGVnADIwMTc6MDY6MjggMTY6NDE6MDEASAAAAAEAAABBbmRyb2lkAEgAAAABAAAAQVNVUwAjAAGgAwABAAAAAQAAAASQAgAUAAAAnAIAAJ2CBQABAAAAsAIAAAqSBQABAAAAuAIAAAKSBQABAAAAwAIAAAiSAwABAAAAAAAAAAKkAwABAAAAAAAAAJKSAgAEAAAAMzA0AAOgBAABAAAAgAcAAAWSBQABAAAAyAIAAAakAwABAAAAAAAAAJGSAgAEAAAAMzA0AASkBQABAAAA0AIAAAmkAwABAAAAAAAAACKIAwABAAAAAgAAAAqkAwABAAAAAAAAAAOk
43067934865,Lancaster Riley,M,Suspensa,1994-07-08,1,Lauren Mcintyre,Sarah Finch,1,6694845,MEX,AP,CENTRO,36778-916,,Travessa Serrano,Nova Iguaçu,9562,GO,93041619476,B,2014-03-20,2021-12-26,/9j/4TyoRXhpZgAASUkqAAgAAAAOACWIBAABAAAALhcAABABAgAGAAAAtgAAAA4BAgAFAAAAvAAAABIBAwABAAAACAAAADIBAgAUAAAAwQAAAAABBAABAAAAAAoAABMCAwABAAAAAQAAACgBAwABAAAAAgAAAAEBBAABAAAAgAcAABsBBQABAAAA1QAAADEBAgAIAAAA3QAAAGmHBAABAAAA8gAAABoBBQABAAAA5QAAAA8BAgAFAAAA7QAAAHsXAABaMDBBRABKcGVnADIwMTc6MDY6MjggMTY6NDE6MDEASAAAAAEAAABBbmRyb2lkAEgAAAABAAAAQVNVUwAjAAGgAwABAAAAAQAAAASQAgAUAAAAnAIAAJ2CBQABAAAAsAIAAAqSBQABAAAAuAIAAAKSBQABAAAAwAIAAAiSAwABAAAAAAAAAAKkAwABAAAAAAAAAJKSAgAEAAAAMzA0AAOgBAABAAAAgAcAAAWSBQABAAAAyAIAAAakAwABAAAAAAAAAJGSAgAEAAAAMzA0AASkBQABAAAA0AIAAAmkAwABAAAAAAAAACKIAwABAAAAAgAAAAqkAwABAAAAAAAAAAOk
47123586964,Earline Black,M,Suspensa,1977-10-28,1,Eaton Rhodes,Peters Moody,1,6694845,MEX,AP,CENTRO,14253-410,,Travessa Serrano,Nova Iguaçu,4976,PA,99045665027,A,2008-04-12,2019-08-22,/9j/4TyoRXhpZgAASUkqAAgAAAAOACWIBAABAAAALhcAABABAgAGAAAAtgAAAA4BAgAFAAAAvAAAABIBAwABAAAACAAAADIBAgAUAAAAwQAAAAABBAABAAAAAAoAABMCAwABAAAAAQAAACgBAwABAAAAAgAAAAEBBAABAAAAgAcAABsBBQABAAAA1QAAADEBAgAIAAAA3QAAAGmHBAABAAAA8gAAABoBBQABAAAA5QAAAA8BAgAFAAAA7QAAAHsXAABaMDBBRABKcGVnADIwMTc6MDY6MjggMTY6NDE6MDEASAAAAAEAAABBbmRyb2lkAEgAAAABAAAAQVNVUwAjAAGgAwABAAAAAQAAAASQAgAUAAAAnAIAAJ2CBQABAAAAsAIAAAqSBQABAAAAuAIAAAKSBQABAAAAwAIAAAiSAwABAAAAAAAAAAKkAwABAAAAAAAAAJKSAgAEAAAAMzA0AAOgBAABAAAAgAcAAAWSBQABAAAAyAIAAAakAwABAAAAAAAAAJGSAgAEAAAAMzA0AASkBQABAAAA0AIAAAmkAwABAAAAAAAAACKIAwABAAAAAgAAAAqkAwABAAAAAAAAAAOk
47856021985,Laurel Avery,M,Cancelada por Encerramento de Espólio,1998-06-11,1,Roberson Mcintosh,Nicole Mitchell,1,6694845,CTPS,SE,CENTRO,96698-740,,Travessa Serrano,Nova Iguaçu,9477,RR,98790870628,B,2003-04-05,2018-07-24,/9j/4TyoRXhpZgAASUkqAAgAAAAOACWIBAABAAAALhcAABABAgAGAAAAtgAAAA4BAgAFAAAAvAAAABIBAwABAAAACAAAADIBAgAUAAAAwQAAAAABBAABAAAAAAoAABMCAwABAAAAAQAAACgBAwABAAAAAgAAAAEBBAABAAAAgAcAABsBBQABAAAA1QAAADEBAgAIAAAA3QAAAGmHBAABAAAA8gAAABoBBQABAAAA5QAAAA8BAgAFAAAA7QAAAHsXAABaMDBBRABKcGVnADIwMTc6MDY6MjggMTY6NDE6MDEASAAAAAEAAABBbmRyb2lkAEgAAAABAAAAQVNVUwAjAAGgAwABAAAAAQAAAASQAgAUAAAAnAIAAJ2CBQABAAAAsAIAAAqSBQABAAAAuAIAAAKSBQABAAAAwAIAAAiSAwABAAAAAAAAAAKkAwABAAAAAAAAAJKSAgAEAAAAMzA0AAOgBAABAAAAgAcAAAWSBQABAAAAyAIAAAakAwABAAAAAAAAAJGSAgAEAAAAMzA0AASkBQABAAAA0AIAAAmkAwABAAAAAAAAACKIAwABAAAAAgAAAAqkAwABAAAAAAAAAAOk
47893062592,Singleton Vang,M,Cancelada por Multiplicidade,1971-05-02,1,Jill Reyes,Hudson Whitaker,1,6694845,MAE,MT,CENTRO,40853-126,,Travessa Serrano,Nova Iguaçu,4499,AP,92062738682,B,2011-02-01,2020-07-04,/9j/4TyoRXhpZgAASUkqAAgAAAAOACWIBAABAAAALhcAABABAgAGAAAAtgAAAA4BAgAFAAAAvAAAABIBAwABAAAACAAAADIBAgAUAAAAwQAAAAABBAABAAAAAAoAABMCAwABAAAAAQAAACgBAwABAAAAAgAAAAEBBAABAAAAgAcAABsBBQABAAAA1QAAADEBAgAIAAAA3QAAAGmHBAABAAAA8gAAABoBBQABAAAA5QAAAA8BAgAFAAAA7QAAAHsXAABaMDBBRABKcGVnADIwMTc6MDY6MjggMTY6NDE6MDEASAAAAAEAAABBbmRyb2lkAEgAAAABAAAAQVNVUwAjAAGgAwABAAAAAQAAAASQAgAUAAAAnAIAAJ2CBQABAAAAsAIAAAqSBQABAAAAuAIAAAKSBQABAAAAwAIAAAiSAwABAAAAAAAAAAKkAwABAAAAAAAAAJKSAgAEAAAAMzA0AAOgBAABAAAAgAcAAAWSBQABAAAAyAIAAAakAwABAAAAAAAAAJGSAgAEAAAAMzA0AASkBQABAAAA0AIAAAmkAwABAAAAAAAAACKIAwABAAAAAgAAAAqkAwABAAAAAAAAAAOk
49852036700,Solis Rollins,M,Cancelada por Óbito sem Espólio,1963-12-26,1,Brooks Huffman,Isabel Mcclain,1,6694845,IPF,AL,CENTRO,93862-916,,Travessa Serrano,Nova Iguaçu,5000,RR,91719451574,B,1995-12-30,2018-12-03,/9j/4TyoRXhpZgAASUkqAAgAAAAOACWIBAABAAAALhcAABABAgAGAAAAtgAAAA4BAgAFAAAAvAAAABIBAwABAAAACAAAADIBAgAUAAAAwQAAAAABBAABAAAAAAoAABMCAwABAAAAAQAAACgBAwABAAAAAgAAAAEBBAABAAAAgAcAABsBBQABAAAA1QAAADEBAgAIAAAA3QAAAGmHBAABAAAA8gAAABoBBQABAAAA5QAAAA8BAgAFAAAA7QAAAHsXAABaMDBBRABKcGVnADIwMTc6MDY6MjggMTY6NDE6MDEASAAAAAEAAABBbmRyb2lkAEgAAAABAAAAQVNVUwAjAAGgAwABAAAAAQAAAASQAgAUAAAAnAIAAJ2CBQABAAAAsAIAAAqSBQABAAAAuAIAAAKSBQABAAAAwAIAAAiSAwABAAAAAAAAAAKkAwABAAAAAAAAAJKSAgAEAAAAMzA0AAOgBAABAAAAgAcAAAWSBQABAAAAyAIAAAakAwABAAAAAAAAAJGSAgAEAAAAMzA0AASkBQABAAAA0AIAAAmkAwABAAAAAAAAACKIAwABAAAAAgAAAAqkAwABAAAAAAAAAAOk
52389071686,Selma Hebert,M,Cancelada de Oficio,1964-06-29,1,Macias Navarro,Nichols Vaughn,1,6694845,POM,AL,CENTRO,93477-575,,Travessa Serrano,Nova Iguaçu,2527,PA,96131928903,C,1983-06-12,2020-05-25,/9j/4TyoRXhpZgAASUkqAAgAAAAOACWIBAABAAAALhcAABABAgAGAAAAtgAAAA4BAgAFAAAAvAAAABIBAwABAAAACAAAADIBAgAUAAAAwQAAAAABBAABAAAAAAoAABMCAwABAAAAAQAAACgBAwABAAAAAgAAAAEBBAABAAAAgAcAABsBBQABAAAA1QAAADEBAgAIAAAA3QAAAGmHBAABAAAA8gAAABoBBQABAAAA5QAAAA8BAgAFAAAA7QAAAHsXAABaMDBBRABKcGVnADIwMTc6MDY6MjggMTY6NDE6MDEASAAAAAEAAABBbmRyb2lkAEgAAAABAAAAQVNVUwAjAAGgAwABAAAAAQAAAASQAgAUAAAAnAIAAJ2CBQABAAAAsAIAAAqSBQABAAAAuAIAAAKSBQABAAAAwAIAAAiSAwABAAAAAAAAAAKkAwABAAAAAAAAAJKSAgAEAAAAMzA0AAOgBAABAAAAgAcAAAWSBQABAAAAyAIAAAakAwABAAAAAAAAAJGSAgAEAAAAMzA0AASkBQABAAAA0AIAAAmkAwABAAAAAAAAACKIAwABAAAAAgAAAAqkAwABAAAAAAAAAAOk
58136053391,Janna Lott,M,REGULAR,1966-11-12,1,Christensen Norris,Ivy Gilbert,1,6694845,SJTS,SP,CENTRO,83756-184,,Travessa Serrano,Nova Iguaçu,8510,BA,96134986031,C,1988-10-04,2020-09-23,/9j/4TyoRXhpZgAASUkqAAgAAAAOACWIBAABAAAALhcAABABAgAGAAAAtgAAAA4BAgAFAAAAvAAAABIBAwABAAAACAAAADIBAgAUAAAAwQAAAAABBAABAAAAAAoAABMCAwABAAAAAQAAACgBAwABAAAAAgAAAAEBBAABAAAAgAcAABsBBQABAAAA1QAAADEBAgAIAAAA3QAAAGmHBAABAAAA8gAAABoBBQABAAAA5QAAAA8BAgAFAAAA7QAAAHsXAABaMDBBRABKcGVnADIwMTc6MDY6MjggMTY6NDE6MDEASAAAAAEAAABBbmRyb2lkAEgAAAABAAAAQVNVUwAjAAGgAwABAAAAAQAAAASQAgAUAAAAnAIAAJ2CBQABAAAAsAIAAAqSBQABAAAAuAIAAAKSBQABAAAAwAIAAAiSAwABAAAAAAAAAAKkAwABAAAAAAAAAJKSAgAEAAAAMzA0AAOgBAABAAAAgAcAAAWSBQABAAAAyAIAAAakAwABAAAAAAAAAJGSAgAEAAAAMzA0AASkBQABAAAA0AIAAAmkAwABAAAAAAAAACKIAwABAAAAAgAAAAqkAwABAAAAAAAAAAOk
58229345104,Roslyn Martinez,M,REGULAR,1991-08-29,1,Tracy Mueller,Karina Mendoza,1,6694845,FGTS,TO,CENTRO,91154-407,,Travessa Serrano,Nova Iguaçu,9107,RO,98289224957,A,2012-01-03,2021-03-31,/9j/4TyoRXhpZgAASUkqAAgAAAAOACWIBAABAAAALhcAABABAgAGAAAAtgAAAA4BAgAFAAAAvAAAABIBAwABAAAACAAAADIBAgAUAAAAwQAAAAABBAABAAAAAAoAABMCAwABAAAAAQAAACgBAwABAAAAAgAAAAEBBAABAAAAgAcAABsBBQABAAAA1QAAADEBAgAIAAAA3QAAAGmHBAABAAAA8gAAABoBBQABAAAA5QAAAA8BAgAFAAAA7QAAAHsXAABaMDBBRABKcGVnADIwMTc6MDY6MjggMTY6NDE6MDEASAAAAAEAAABBbmRyb2lkAEgAAAABAAAAQVNVUwAjAAGgAwABAAAAAQAAAASQAgAUAAAAnAIAAJ2CBQABAAAAsAIAAAqSBQABAAAAuAIAAAKSBQABAAAAwAIAAAiSAwABAAAAAAAAAAKkAwABAAAAAAAAAJKSAgAEAAAAMzA0AAOgBAABAAAAgAcAAAWSBQABAAAAyAIAAAakAwABAAAAAAAAAJGSAgAEAAAAMzA0AASkBQABAAAA0AIAAAmkAwABAAAAAAAAACKIAwABAAAAAgAAAAqkAwABAAAAAAAAAAOk
58343059115,Selena Osborn,M,REGULAR,1982-11-20,1,Kathryn Stanton,Lorie Kennedy,1,6694845,SJS,PI,CENTRO,22904-472,,Travessa Serrano,Nova Iguaçu,4125,PE,93905453842,B,1980-04-12,2021-03-10,/9j/4TyoRXhpZgAASUkqAAgAAAAOACWIBAABAAAALhcAABABAgAGAAAAtgAAAA4BAgAFAAAAvAAAABIBAwABAAAACAAAADIBAgAUAAAAwQAAAAABBAABAAAAAAoAABMCAwABAAAAAQAAACgBAwABAAAAAgAAAAEBBAABAAAAgAcAABsBBQABAAAA1QAAADEBAgAIAAAA3QAAAGmHBAABAAAA8gAAABoBBQABAAAA5QAAAA8BAgAFAAAA7QAAAHsXAABaMDBBRABKcGVnADIwMTc6MDY6MjggMTY6NDE6MDEASAAAAAEAAABBbmRyb2lkAEgAAAABAAAAQVNVUwAjAAGgAwABAAAAAQAAAASQAgAUAAAAnAIAAJ2CBQABAAAAsAIAAAqSBQABAAAAuAIAAAKSBQABAAAAwAIAAAiSAwABAAAAAAAAAAKkAwABAAAAAAAAAJKSAgAEAAAAMzA0AAOgBAABAAAAgAcAAAWSBQABAAAAyAIAAAakAwABAAAAAAAAAJGSAgAEAAAAMzA0AASkBQABAAAA0AIAAAmkAwABAAAAAAAAACKIAwABAAAAAgAAAAqkAwABAAAAAAAAAAOk
59593903100,Jayne Boyle,M,REGULAR,1993-06-10,1,Cassandra Ayers,Mccarty May,1,6694845,MMA,PB,CENTRO,78681-508,,Travessa Serrano,Nova Iguaçu,5473,SC,91032022508,B,1983-04-13,2019-07-05,/9j/4TyoRXhpZgAASUkqAAgAAAAOACWIBAABAAAALhcAABABAgAGAAAAtgAAAA4BAgAFAAAAvAAAABIBAwABAAAACAAAADIBAgAUAAAAwQAAAAABBAABAAAAAAoAABMCAwABAAAAAQAAACgBAwABAAAAAgAAAAEBBAABAAAAgAcAABsBBQABAAAA1QAAADEBAgAIAAAA3QAAAGmHBAABAAAA8gAAABoBBQABAAAA5QAAAA8BAgAFAAAA7QAAAHsXAABaMDBBRABKcGVnADIwMTc6MDY6MjggMTY6NDE6MDEASAAAAAEAAABBbmRyb2lkAEgAAAABAAAAQVNVUwAjAAGgAwABAAAAAQAAAASQAgAUAAAAnAIAAJ2CBQABAAAAsAIAAAqSBQABAAAAuAIAAAKSBQABAAAAwAIAAAiSAwABAAAAAAAAAAKkAwABAAAAAAAAAJKSAgAEAAAAMzA0AAOgBAABAAAAgAcAAAWSBQABAAAAyAIAAAakAwABAAAAAAAAAJGSAgAEAAAAMzA0AASkBQABAAAA0AIAAAmkAwABAAAAAAAAACKIAwABAAAAAgAAAAqkAwABAAAAAAAAAAOk
61484458168,Cantu Trevino,M,REGULAR,1995-10-23,1,Gina Ramsey,Valencia Phelps,1,6694845,POF,DF,CENTRO,37805-678,,Travessa Serrano,Nova Iguaçu,2397,GO,91338515688,B,1986-03-22,2020-08-02,/9j/4TyoRXhpZgAASUkqAAgAAAAOACWIBAABAAAALhcAABABAgAGAAAAtgAAAA4BAgAFAAAAvAAAABIBAwABAAAACAAAADIBAgAUAAAAwQAAAAABBAABAAAAAAoAABMCAwABAAAAAQAAACgBAwABAAAAAgAAAAEBBAABAAAAgAcAABsBBQABAAAA1QAAADEBAgAIAAAA3QAAAGmHBAABAAAA8gAAABoBBQABAAAA5QAAAA8BAgAFAAAA7QAAAHsXAABaMDBBRABKcGVnADIwMTc6MDY6MjggMTY6NDE6MDEASAAAAAEAAABBbmRyb2lkAEgAAAABAAAAQVNVUwAjAAGgAwABAAAAAQAAAASQAgAUAAAAnAIAAJ2CBQABAAAAsAIAAAqSBQABAAAAuAIAAAKSBQABAAAAwAIAAAiSAwABAAAAAAAAAAKkAwABAAAAAAAAAJKSAgAEAAAAMzA0AAOgBAABAAAAgAcAAAWSBQABAAAAyAIAAAakAwABAAAAAAAAAJGSAgAEAAAAMzA0AASkBQABAAAA0AIAAAmkAwABAAAAAAAAACKIAwABAAAAAgAAAAqkAwABAAAAAAAAAAOk
63017285995,Paul Kline,M,REGULAR,1992-04-29,1,Cara Banks,Leblanc Berry,1,6694845,ZZZ,DF,CENTRO,78018-467,,Travessa Serrano,Nova Iguaçu,3156,MA,98610926740,A,2004-07-13,2021-06-21,/9j/4TyoRXhpZgAASUkqAAgAAAAOACWIBAABAAAALhcAABABAgAGAAAAtgAAAA4BAgAFAAAAvAAAABIBAwABAAAACAAAADIBAgAUAAAAwQAAAAABBAABAAAAAAoAABMCAwABAAAAAQAAACgBAwABAAAAAgAAAAEBBAABAAAAgAcAABsBBQABAAAA1QAAADEBAgAIAAAA3QAAAGmHBAABAAAA8gAAABoBBQABAAAA5QAAAA8BAgAFAAAA7QAAAHsXAABaMDBBRABKcGVnADIwMTc6MDY6MjggMTY6NDE6MDEASAAAAAEAAABBbmRyb2lkAEgAAAABAAAAQVNVUwAjAAGgAwABAAAAAQAAAASQAgAUAAAAnAIAAJ2CBQABAAAAsAIAAAqSBQABAAAAuAIAAAKSBQABAAAAwAIAAAiSAwABAAAAAAAAAAKkAwABAAAAAAAAAJKSAgAEAAAAMzA0AAOgBAABAAAAgAcAAAWSBQABAAAAyAIAAAakAwABAAAAAAAAAJGSAgAEAAAAMzA0AASkBQABAAAA0AIAAAmkAwABAAAAAAAAACKIAwABAAAAAgAAAAqkAwABAAAAAAAAAAOk
63999196149,Deena Powers,M,REGULAR,1960-11-24,1,Minerva Odonnell,Skinner Livingston,1,6694845,MTE,PB,CENTRO,19184-150,,Travessa Serrano,Nova Iguaçu,6006,BA,98138507359,B,1994-03-03,2018-11-02,/9j/4TyoRXhpZgAASUkqAAgAAAAOACWIBAABAAAALhcAABABAgAGAAAAtgAAAA4BAgAFAAAAvAAAABIBAwABAAAACAAAADIBAgAUAAAAwQAAAAABBAABAAAAAAoAABMCAwABAAAAAQAAACgBAwABAAAAAgAAAAEBBAABAAAAgAcAABsBBQABAAAA1QAAADEBAgAIAAAA3QAAAGmHBAABAAAA8gAAABoBBQABAAAA5QAAAA8BAgAFAAAA7QAAAHsXAABaMDBBRABKcGVnADIwMTc6MDY6MjggMTY6NDE6MDEASAAAAAEAAABBbmRyb2lkAEgAAAABAAAAQVNVUwAjAAGgAwABAAAAAQAAAASQAgAUAAAAnAIAAJ2CBQABAAAAsAIAAAqSBQABAAAAuAIAAAKSBQABAAAAwAIAAAiSAwABAAAAAAAAAAKkAwABAAAAAAAAAJKSAgAEAAAAMzA0AAOgBAABAAAAgAcAAAWSBQABAAAAyAIAAAakAwABAAAAAAAAAJGSAgAEAAAAMzA0AASkBQABAAAA0AIAAAmkAwABAAAAAAAAACKIAwABAAAAAgAAAAqkAwABAAAAAAAAAAOk
64913872591,Dale Gaines,M,Cancelada de Oficio,1964-01-14,1,Butler West,Cassie Buchanan,1,6694845,SJS,PI,CENTRO,26754-347,,Travessa Serrano,Nova Iguaçu,9936,AC,95769126497,B,2007-07-08,2021-01-12,/9j/4TyoRXhpZgAASUkqAAgAAAAOACWIBAABAAAALhcAABABAgAGAAAAtgAAAA4BAgAFAAAAvAAAABIBAwABAAAACAAAADIBAgAUAAAAwQAAAAABBAABAAAAAAoAABMCAwABAAAAAQAAACgBAwABAAAAAgAAAAEBBAABAAAAgAcAABsBBQABAAAA1QAAADEBAgAIAAAA3QAAAGmHBAABAAAA8gAAABoBBQABAAAA5QAAAA8BAgAFAAAA7QAAAHsXAABaMDBBRABKcGVnADIwMTc6MDY6MjggMTY6NDE6MDEASAAAAAEAAABBbmRyb2lkAEgAAAABAAAAQVNVUwAjAAGgAwABAAAAAQAAAASQAgAUAAAAnAIAAJ2CBQABAAAAsAIAAAqSBQABAAAAuAIAAAKSBQABAAAAwAIAAAiSAwABAAAAAAAAAAKkAwABAAAAAAAAAJKSAgAEAAAAMzA0AAOgBAABAAAAgAcAAAWSBQABAAAAyAIAAAakAwABAAAAAAAAAJGSAgAEAAAAMzA0AASkBQABAAAA0AIAAAmkAwABAAAAAAAAACKIAwABAAAAAgAAAAqkAwABAAAAAAAAAAOk
65408713172,Nellie Gilmore,M,REGULAR,1961-06-21,1,Bryant Vinson,Lawrence Burgess,1,6694845,FGTS,RO,CENTRO,23449-232,,Travessa Serrano,Nova Iguaçu,9555,MG,96784688491,B,1980-11-25,2021-04-12,/9j/4TyoRXhpZgAASUkqAAgAAAAOACWIBAABAAAALhcAABABAgAGAAAAtgAAAA4BAgAFAAAAvAAAABIBAwABAAAACAAAADIBAgAUAAAAwQAAAAABBAABAAAAAAoAABMCAwABAAAAAQAAACgBAwABAAAAAgAAAAEBBAABAAAAgAcAABsBBQABAAAA1QAAADEBAgAIAAAA3QAAAGmHBAABAAAA8gAAABoBBQABAAAA5QAAAA8BAgAFAAAA7QAAAHsXAABaMDBBRABKcGVnADIwMTc6MDY6MjggMTY6NDE6MDEASAAAAAEAAABBbmRyb2lkAEgAAAABAAAAQVNVUwAjAAGgAwABAAAAAQAAAASQAgAUAAAAnAIAAJ2CBQABAAAAsAIAAAqSBQABAAAAuAIAAAKSBQABAAAAwAIAAAiSAwABAAAAAAAAAAKkAwABAAAAAAAAAJKSAgAEAAAAMzA0AAOgBAABAAAAgAcAAAWSBQABAAAAyAIAAAakAwABAAAAAAAAAJGSAgAEAAAAMzA0AASkBQABAAAA0AIAAAmkAwABAAAAAAAAACKIAwABAAAAAgAAAAqkAwABAAAAAAAAAAOk
70650462149,Hale Porter,M,REGULAR,1989-02-16,1,Rhea Strong,Guzman Slater,1,6694845,IML,BA,CENTRO,39880-504,,Travessa Serrano,Nova Iguaçu,3540,RO,96819255369,A,1986-09-02,2021-12-21,/9j/4TyoRXhpZgAASUkqAAgAAAAOACWIBAABAAAALhcAABABAgAGAAAAtgAAAA4BAgAFAAAAvAAAABIBAwABAAAACAAAADIBAgAUAAAAwQAAAAABBAABAAAAAAoAABMCAwABAAAAAQAAACgBAwABAAAAAgAAAAEBBAABAAAAgAcAABsBBQABAAAA1QAAADEBAgAIAAAA3QAAAGmHBAABAAAA8gAAABoBBQABAAAA5QAAAA8BAgAFAAAA7QAAAHsXAABaMDBBRABKcGVnADIwMTc6MDY6MjggMTY6NDE6MDEASAAAAAEAAABBbmRyb2lkAEgAAAABAAAAQVNVUwAjAAGgAwABAAAAAQAAAASQAgAUAAAAnAIAAJ2CBQABAAAAsAIAAAqSBQABAAAAuAIAAAKSBQABAAAAwAIAAAiSAwABAAAAAAAAAAKkAwABAAAAAAAAAJKSAgAEAAAAMzA0AAOgBAABAAAAgAcAAAWSBQABAAAAyAIAAAakAwABAAAAAAAAAJGSAgAEAAAAMzA0AASkBQABAAAA0AIAAAmkAwABAAAAAAAAACKIAwABAAAAAgAAAAqkAwABAAAAAAAAAAOk
70656967749,Delgado Petersen,M,REGULAR,1980-01-07,1,Pam Mcdonald,Edwina Tillman,1,6694845,CTPS,SE,CENTRO,79808-135,,Travessa Serrano,Nova Iguaçu,1021,MS,95852220152,A,2006-10-26,2019-05-01,/9j/4TyoRXhpZgAASUkqAAgAAAAOACWIBAABAAAALhcAABABAgAGAAAAtgAAAA4BAgAFAAAAvAAAABIBAwABAAAACAAAADIBAgAUAAAAwQAAAAABBAABAAAAAAoAABMCAwABAAAAAQAAACgBAwABAAAAAgAAAAEBBAABAAAAgAcAABsBBQABAAAA1QAAADEBAgAIAAAA3QAAAGmHBAABAAAA8gAAABoBBQABAAAA5QAAAA8BAgAFAAAA7QAAAHsXAABaMDBBRABKcGVnADIwMTc6MDY6MjggMTY6NDE6MDEASAAAAAEAAABBbmRyb2lkAEgAAAABAAAAQVNVUwAjAAGgAwABAAAAAQAAAASQAgAUAAAAnAIAAJ2CBQABAAAAsAIAAAqSBQABAAAAuAIAAAKSBQABAAAAwAIAAAiSAwABAAAAAAAAAAKkAwABAAAAAAAAAJKSAgAEAAAAMzA0AAOgBAABAAAAgAcAAAWSBQABAAAAyAIAAAakAwABAAAAAAAAAJGSAgAEAAAAMzA0AASkBQABAAAA0AIAAAmkAwABAAAAAAAAACKIAwABAAAAAgAAAAqkAwABAAAAAAAAAAOk
78029406134,Leslie Schultz,M,REGULAR,1972-03-10,1,Barrera Salas,King Glass,1,6694845,CNT,TO,CENTRO,42731-854,,Travessa Serrano,Nova Iguaçu,7994,AM,97371175360,C,2010-06-16,2020-06-06,/9j/4TyoRXhpZgAASUkqAAgAAAAOACWIBAABAAAALhcAABABAgAGAAAAtgAAAA4BAgAFAAAAvAAAABIBAwABAAAACAAAADIBAgAUAAAAwQAAAAABBAABAAAAAAoAABMCAwABAAAAAQAAACgBAwABAAAAAgAAAAEBBAABAAAAgAcAABsBBQABAAAA1QAAADEBAgAIAAAA3QAAAGmHBAABAAAA8gAAABoBBQABAAAA5QAAAA8BAgAFAAAA7QAAAHsXAABaMDBBRABKcGVnADIwMTc6MDY6MjggMTY6NDE6MDEASAAAAAEAAABBbmRyb2lkAEgAAAABAAAAQVNVUwAjAAGgAwABAAAAAQAAAASQAgAUAAAAnAIAAJ2CBQABAAAAsAIAAAqSBQABAAAAuAIAAAKSBQABAAAAwAIAAAiSAwABAAAAAAAAAAKkAwABAAAAAAAAAJKSAgAEAAAAMzA0AAOgBAABAAAAgAcAAAWSBQABAAAAyAIAAAakAwABAAAAAAAAAJGSAgAEAAAAMzA0AASkBQABAAAA0AIAAAmkAwABAAAAAAAAACKIAwABAAAAAgAAAAqkAwABAAAAAAAAAAOk
78029406134,Sharp Orr,M,REGULAR,1985-02-08,1,Meredith Boone,Turner Adams,1,6694845,PC,AP,CENTRO,40176-786,,Travessa Serrano,Nova Iguaçu,9874,AP,95418670992,C,2014-07-24,2020-12-01,/9j/4TyoRXhpZgAASUkqAAgAAAAOACWIBAABAAAALhcAABABAgAGAAAAtgAAAA4BAgAFAAAAvAAAABIBAwABAAAACAAAADIBAgAUAAAAwQAAAAABBAABAAAAAAoAABMCAwABAAAAAQAAACgBAwABAAAAAgAAAAEBBAABAAAAgAcAABsBBQABAAAA1QAAADEBAgAIAAAA3QAAAGmHBAABAAAA8gAAABoBBQABAAAA5QAAAA8BAgAFAAAA7QAAAHsXAABaMDBBRABKcGVnADIwMTc6MDY6MjggMTY6NDE6MDEASAAAAAEAAABBbmRyb2lkAEgAAAABAAAAQVNVUwAjAAGgAwABAAAAAQAAAASQAgAUAAAAnAIAAJ2CBQABAAAAsAIAAAqSBQABAAAAuAIAAAKSBQABAAAAwAIAAAiSAwABAAAAAAAAAAKkAwABAAAAAAAAAJKSAgAEAAAAMzA0AAOgBAABAAAAgAcAAAWSBQABAAAAyAIAAAakAwABAAAAAAAAAJGSAgAEAAAAMzA0AASkBQABAAAA0AIAAAmkAwABAAAAAAAAACKIAwABAAAAAgAAAAqkAwABAAAAAAAAAAOk
84546301120,Chase Curtis,M,REGULAR,1972-12-02,1,Antoinette Kemp,Newton Schmidt,1,6694845,SJTS,TO,CENTRO,65220-249,,Travessa Serrano,Nova Iguaçu,2951,AL,92303285348,A,1991-01-01,2020-12-25,/9j/4TyoRXhpZgAASUkqAAgAAAAOACWIBAABAAAALhcAABABAgAGAAAAtgAAAA4BAgAFAAAAvAAAABIBAwABAAAACAAAADIBAgAUAAAAwQAAAAABBAABAAAAAAoAABMCAwABAAAAAQAAACgBAwABAAAAAgAAAAEBBAABAAAAgAcAABsBBQABAAAA1QAAADEBAgAIAAAA3QAAAGmHBAABAAAA8gAAABoBBQABAAAA5QAAAA8BAgAFAAAA7QAAAHsXAABaMDBBRABKcGVnADIwMTc6MDY6MjggMTY6NDE6MDEASAAAAAEAAABBbmRyb2lkAEgAAAABAAAAQVNVUwAjAAGgAwABAAAAAQAAAASQAgAUAAAAnAIAAJ2CBQABAAAAsAIAAAqSBQABAAAAuAIAAAKSBQABAAAAwAIAAAiSAwABAAAAAAAAAAKkAwABAAAAAAAAAJKSAgAEAAAAMzA0AAOgBAABAAAAgAcAAAWSBQABAAAAyAIAAAakAwABAAAAAAAAAJGSAgAEAAAAMzA0AASkBQABAAAA0AIAAAmkAwABAAAAAAAAACKIAwABAAAAAgAAAAqkAwABAAAAAAAAAAOk
87370069168,Head Cook,M,REGULAR,1986-09-06,1,Henry Acevedo,Harriet Sheppard,1,6694845,CNT,MA,CENTRO,82223-876,,Travessa Serrano,Nova Iguaçu,6651,CE,90129576098,A,1990-01-15,2020-01-28,/9j/4TyoRXhpZgAASUkqAAgAAAAOACWIBAABAAAALhcAABABAgAGAAAAtgAAAA4BAgAFAAAAvAAAABIBAwABAAAACAAAADIBAgAUAAAAwQAAAAABBAABAAAAAAoAABMCAwABAAAAAQAAACgBAwABAAAAAgAAAAEBBAABAAAAgAcAABsBBQABAAAA1QAAADEBAgAIAAAA3QAAAGmHBAABAAAA8gAAABoBBQABAAAA5QAAAA8BAgAFAAAA7QAAAHsXAABaMDBBRABKcGVnADIwMTc6MDY6MjggMTY6NDE6MDEASAAAAAEAAABBbmRyb2lkAEgAAAABAAAAQVNVUwAjAAGgAwABAAAAAQAAAASQAgAUAAAAnAIAAJ2CBQABAAAAsAIAAAqSBQABAAAAuAIAAAKSBQABAAAAwAIAAAiSAwABAAAAAAAAAAKkAwABAAAAAAAAAJKSAgAEAAAAMzA0AAOgBAABAAAAgAcAAAWSBQABAAAAyAIAAAakAwABAAAAAAAAAJGSAgAEAAAAMzA0AASkBQABAAAA0AIAAAmkAwABAAAAAAAAACKIAwABAAAAAgAAAAqkAwABAAAAAAAAAAOk
87772639104,Yvonne Edwards,M,REGULAR,1996-06-07,1,Larson Merrill,Nichole Moore,1,6694845,SJTS,PI,CENTRO,68514-360,,Travessa Serrano,Nova Iguaçu,3086,PI,93314532763,B,2004-07-27,2021-06-06,/9j/4TyoRXhpZgAASUkqAAgAAAAOACWIBAABAAAALhcAABABAgAGAAAAtgAAAA4BAgAFAAAAvAAAABIBAwABAAAACAAAADIBAgAUAAAAwQAAAAABBAABAAAAAAoAABMCAwABAAAAAQAAACgBAwABAAAAAgAAAAEBBAABAAAAgAcAABsBBQABAAAA1QAAADEBAgAIAAAA3QAAAGmHBAABAAAA8gAAABoBBQABAAAA5QAAAA8BAgAFAAAA7QAAAHsXAABaMDBBRABKcGVnADIwMTc6MDY6MjggMTY6NDE6MDEASAAAAAEAAABBbmRyb2lkAEgAAAABAAAAQVNVUwAjAAGgAwABAAAAAQAAAASQAgAUAAAAnAIAAJ2CBQABAAAAsAIAAAqSBQABAAAAuAIAAAKSBQABAAAAwAIAAAiSAwABAAAAAAAAAAKkAwABAAAAAAAAAJKSAgAEAAAAMzA0AAOgBAABAAAAgAcAAAWSBQABAAAAyAIAAAakAwABAAAAAAAAAJGSAgAEAAAAMzA0AASkBQABAAAA0AIAAAmkAwABAAAAAAAAACKIAwABAAAAAgAAAAqkAwABAAAAAAAAAAOk
89985443187,Small Potts,M,REGULAR,1964-03-19,1,Debbie Klein,Farrell Franklin,1,6694845,DIC,RN,CENTRO,24055-571,,Travessa Serrano,Nova Iguaçu,8616,SC,90791256223,A,1982-03-14,2020-03-27,/9j/4TyoRXhpZgAASUkqAAgAAAAOACWIBAABAAAALhcAABABAgAGAAAAtgAAAA4BAgAFAAAAvAAAABIBAwABAAAACAAAADIBAgAUAAAAwQAAAAABBAABAAAAAAoAABMCAwABAAAAAQAAACgBAwABAAAAAgAAAAEBBAABAAAAgAcAABsBBQABAAAA1QAAADEBAgAIAAAA3QAAAGmHBAABAAAA8gAAABoBBQABAAAA5QAAAA8BAgAFAAAA7QAAAHsXAABaMDBBRABKcGVnADIwMTc6MDY6MjggMTY6NDE6MDEASAAAAAEAAABBbmRyb2lkAEgAAAABAAAAQVNVUwAjAAGgAwABAAAAAQAAAASQAgAUAAAAnAIAAJ2CBQABAAAAsAIAAAqSBQABAAAAuAIAAAKSBQABAAAAwAIAAAiSAwABAAAAAAAAAAKkAwABAAAAAAAAAJKSAgAEAAAAMzA0AAOgBAABAAAAgAcAAAWSBQABAAAAyAIAAAakAwABAAAAAAAAAJGSAgAEAAAAMzA0AASkBQABAAAA0AIAAAmkAwABAAAAAAAAACKIAwABAAAAAgAAAAqkAwABAAAAAAAAAAOk
91708635203,Floyd Hammond,M,REGULAR,1977-04-10,1,Rasmussen Shepard,Traci Patterson,1,6694845,DIC,PI,CENTRO,87865-820,,Travessa Serrano,Nova Iguaçu,9274,SP,91323096477,B,2016-07-01,2020-04-26,/9j/4TyoRXhpZgAASUkqAAgAAAAOACWIBAABAAAALhcAABABAgAGAAAAtgAAAA4BAgAFAAAAvAAAABIBAwABAAAACAAAADIBAgAUAAAAwQAAAAABBAABAAAAAAoAABMCAwABAAAAAQAAACgBAwABAAAAAgAAAAEBBAABAAAAgAcAABsBBQABAAAA1QAAADEBAgAIAAAA3QAAAGmHBAABAAAA8gAAABoBBQABAAAA5QAAAA8BAgAFAAAA7QAAAHsXAABaMDBBRABKcGVnADIwMTc6MDY6MjggMTY6NDE6MDEASAAAAAEAAABBbmRyb2lkAEgAAAABAAAAQVNVUwAjAAGgAwABAAAAAQAAAASQAgAUAAAAnAIAAJ2CBQABAAAAsAIAAAqSBQABAAAAuAIAAAKSBQABAAAAwAIAAAiSAwABAAAAAAAAAAKkAwABAAAAAAAAAJKSAgAEAAAAMzA0AAOgBAABAAAAgAcAAAWSBQABAAAAyAIAAAakAwABAAAAAAAAAJGSAgAEAAAAMzA0AASkBQABAAAA0AIAAAmkAwABAAAAAAAAACKIAwABAAAAAgAAAAqkAwABAAAAAAAAAAOk
92188656172,Adriana Workman,M,REGULAR,1960-06-01,1,Hess Suarez,Massey Donaldson,1,6694845,IFP,SC,CENTRO,17765-766,,Travessa Serrano,Nova Iguaçu,1786,PR,90192845453,A,2010-09-30,2018-03-16,/9j/4TyoRXhpZgAASUkqAAgAAAAOACWIBAABAAAALhcAABABAgAGAAAAtgAAAA4BAgAFAAAAvAAAABIBAwABAAAACAAAADIBAgAUAAAAwQAAAAABBAABAAAAAAoAABMCAwABAAAAAQAAACgBAwABAAAAAgAAAAEBBAABAAAAgAcAABsBBQABAAAA1QAAADEBAgAIAAAA3QAAAGmHBAABAAAA8gAAABoBBQABAAAA5QAAAA8BAgAFAAAA7QAAAHsXAABaMDBBRABKcGVnADIwMTc6MDY6MjggMTY6NDE6MDEASAAAAAEAAABBbmRyb2lkAEgAAAABAAAAQVNVUwAjAAGgAwABAAAAAQAAAASQAgAUAAAAnAIAAJ2CBQABAAAAsAIAAAqSBQABAAAAuAIAAAKSBQABAAAAwAIAAAiSAwABAAAAAAAAAAKkAwABAAAAAAAAAJKSAgAEAAAAMzA0AAOgBAABAAAAgAcAAAWSBQABAAAAyAIAAAakAwABAAAAAAAAAJGSAgAEAAAAMzA0AASkBQABAAAA0AIAAAmkAwABAAAAAAAAACKIAwABAAAAAgAAAAqkAwABAAAAAAAAAAOk
93033192149,Trina Watts,M,REGULAR,1989-06-28,1,Malone Sloan,Becker Velazquez,1,6694845,SJS,ES,CENTRO,26191-340,,Travessa Serrano,Nova Iguaçu,1901,MS,97686382807,A,1992-05-22,2021-07-10,/9j/4TyoRXhpZgAASUkqAAgAAAAOACWIBAABAAAALhcAABABAgAGAAAAtgAAAA4BAgAFAAAAvAAAABIBAwABAAAACAAAADIBAgAUAAAAwQAAAAABBAABAAAAAAoAABMCAwABAAAAAQAAACgBAwABAAAAAgAAAAEBBAABAAAAgAcAABsBBQABAAAA1QAAADEBAgAIAAAA3QAAAGmHBAABAAAA8gAAABoBBQABAAAA5QAAAA8BAgAFAAAA7QAAAHsXAABaMDBBRABKcGVnADIwMTc6MDY6MjggMTY6NDE6MDEASAAAAAEAAABBbmRyb2lkAEgAAAABAAAAQVNVUwAjAAGgAwABAAAAAQAAAASQAgAUAAAAnAIAAJ2CBQABAAAAsAIAAAqSBQABAAAAuAIAAAKSBQABAAAAwAIAAAiSAwABAAAAAAAAAAKkAwABAAAAAAAAAJKSAgAEAAAAMzA0AAOgBAABAAAAgAcAAAWSBQABAAAAyAIAAAakAwABAAAAAAAAAJGSAgAEAAAAMzA0AASkBQABAAAA0AIAAAmkAwABAAAAAAAAACKIAwABAAAAAgAAAAqkAwABAAAAAAAAAAOk
93418990282,Jewell Walters,M,REGULAR,1962-08-15,1,Calhoun Haynes,Wilda Nash,1,6694845,PM,CE,CENTRO,86333-623,,Travessa Serrano,Nova Iguaçu,7057,MS,90517913796,C,1989-01-08,2017-12-10,/9j/4TyoRXhpZgAASUkqAAgAAAAOACWIBAABAAAALhcAABABAgAGAAAAtgAAAA4BAgAFAAAAvAAAABIBAwABAAAACAAAADIBAgAUAAAAwQAAAAABBAABAAAAAAoAABMCAwABAAAAAQAAACgBAwABAAAAAgAAAAEBBAABAAAAgAcAABsBBQABAAAA1QAAADEBAgAIAAAA3QAAAGmHBAABAAAA8gAAABoBBQABAAAA5QAAAA8BAgAFAAAA7QAAAHsXAABaMDBBRABKcGVnADIwMTc6MDY6MjggMTY6NDE6MDEASAAAAAEAAABBbmRyb2lkAEgAAAABAAAAQVNVUwAjAAGgAwABAAAAAQAAAASQAgAUAAAAnAIAAJ2CBQABAAAAsAIAAAqSBQABAAAAuAIAAAKSBQABAAAAwAIAAAiSAwABAAAAAAAAAAKkAwABAAAAAAAAAJKSAgAEAAAAMzA0AAOgBAABAAAAgAcAAAWSBQABAAAAyAIAAAakAwABAAAAAAAAAJGSAgAEAAAAMzA0AASkBQABAAAA0AIAAAmkAwABAAAAAAAAACKIAwABAAAAAgAAAAqkAwABAAAAAAAAAAOk
93512341187,Mcguire Reed,M,REGULAR,1961-04-14,1,Gale Puckett,Marion Cunningham,1,6694845,FGTS,RR,CENTRO,56133-413,,Travessa Serrano,Nova Iguaçu,6001,MG,91304986176,A,2002-03-31,2019-09-05,/9j/4TyoRXhpZgAASUkqAAgAAAAOACWIBAABAAAALhcAABABAgAGAAAAtgAAAA4BAgAFAAAAvAAAABIBAwABAAAACAAAADIBAgAUAAAAwQAAAAABBAABAAAAAAoAABMCAwABAAAAAQAAACgBAwABAAAAAgAAAAEBBAABAAAAgAcAABsBBQABAAAA1QAAADEBAgAIAAAA3QAAAGmHBAABAAAA8gAAABoBBQABAAAA5QAAAA8BAgAFAAAA7QAAAHsXAABaMDBBRABKcGVnADIwMTc6MDY6MjggMTY6NDE6MDEASAAAAAEAAABBbmRyb2lkAEgAAAABAAAAQVNVUwAjAAGgAwABAAAAAQAAAASQAgAUAAAAnAIAAJ2CBQABAAAAsAIAAAqSBQABAAAAuAIAAAKSBQABAAAAwAIAAAiSAwABAAAAAAAAAAKkAwABAAAAAAAAAJKSAgAEAAAAMzA0AAOgBAABAAAAgAcAAAWSBQABAAAAyAIAAAakAwABAAAAAAAAAJGSAgAEAAAAMzA0AASkBQABAAAA0AIAAAmkAwABAAAAAAAAACKIAwABAAAAAgAAAAqkAwABAAAAAAAAAAOk
95601082120,Nora Kerr,M,REGULAR,1973-04-08,1,Wade Barker,Elaine Berg,1,6694845,ZZZ,AP,CENTRO,50269-827,,Travessa Serrano,Nova Iguaçu,2889,RJ,99446875987,A,2016-01-25,2020-07-17,/9j/4TyoRXhpZgAASUkqAAgAAAAOACWIBAABAAAALhcAABABAgAGAAAAtgAAAA4BAgAFAAAAvAAAABIBAwABAAAACAAAADIBAgAUAAAAwQAAAAABBAABAAAAAAoAABMCAwABAAAAAQAAACgBAwABAAAAAgAAAAEBBAABAAAAgAcAABsBBQABAAAA1QAAADEBAgAIAAAA3QAAAGmHBAABAAAA8gAAABoBBQABAAAA5QAAAA8BAgAFAAAA7QAAAHsXAABaMDBBRABKcGVnADIwMTc6MDY6MjggMTY6NDE6MDEASAAAAAEAAABBbmRyb2lkAEgAAAABAAAAQVNVUwAjAAGgAwABAAAAAQAAAASQAgAUAAAAnAIAAJ2CBQABAAAAsAIAAAqSBQABAAAAuAIAAAKSBQABAAAAwAIAAAiSAwABAAAAAAAAAAKkAwABAAAAAAAAAJKSAgAEAAAAMzA0AAOgBAABAAAAgAcAAAWSBQABAAAAyAIAAAakAwABAAAAAAAAAJGSAgAEAAAAMzA0AASkBQABAAAA0AIAAAmkAwABAAAAAAAAACKIAwABAAAAAgAAAAqkAwABAAAAAAAAAAOk
97601985172,Agnes Clemons,M,REGULAR,1983-04-02,1,Hobbs Macias,Lorena Marsh,1,6694845,SJTS,RN,CENTRO,67624-494,,Travessa Serrano,Nova Iguaçu,9326,PR,90132743282,A,2010-07-21,2021-05-13,/9j/4TyoRXhpZgAASUkqAAgAAAAOACWIBAABAAAALhcAABABAgAGAAAAtgAAAA4BAgAFAAAAvAAAABIBAwABAAAACAAAADIBAgAUAAAAwQAAAAABBAABAAAAAAoAABMCAwABAAAAAQAAACgBAwABAAAAAgAAAAEBBAABAAAAgAcAABsBBQABAAAA1QAAADEBAgAIAAAA3QAAAGmHBAABAAAA8gAAABoBBQABAAAA5QAAAA8BAgAFAAAA7QAAAHsXAABaMDBBRABKcGVnADIwMTc6MDY6MjggMTY6NDE6MDEASAAAAAEAAABBbmRyb2lkAEgAAAABAAAAQVNVUwAjAAGgAwABAAAAAQAAAASQAgAUAAAAnAIAAJ2CBQABAAAAsAIAAAqSBQABAAAAuAIAAAKSBQABAAAAwAIAAAiSAwABAAAAAAAAAAKkAwABAAAAAAAAAJKSAgAEAAAAMzA0AAOgBAABAAAAgAcAAAWSBQABAAAAyAIAAAakAwABAAAAAAAAAJGSAgAEAAAAMzA0AASkBQABAAAA0AIAAAmkAwABAAAAAAAAACKIAwABAAAAAgAAAAqkAwABAAAAAAAAAAOk
98302514705,Sandra Douglas,M,Nula,1986-08-31,1,Ronda Brooks,Mcfarland Winters,1,6694845,SSP,MG,CENTRO,37577-547,,Travessa Serrano,Nova Iguaçu,3411,SE,94553084516,A,1984-12-26,2021-07-05,/9j/4TyoRXhpZgAASUkqAAgAAAAOACWIBAABAAAALhcAABABAgAGAAAAtgAAAA4BAgAFAAAAvAAAABIBAwABAAAACAAAADIBAgAUAAAAwQAAAAABBAABAAAAAAoAABMCAwABAAAAAQAAACgBAwABAAAAAgAAAAEBBAABAAAAgAcAABsBBQABAAAA1QAAADEBAgAIAAAA3QAAAGmHBAABAAAA8gAAABoBBQABAAAA5QAAAA8BAgAFAAAA7QAAAHsXAABaMDBBRABKcGVnADIwMTc6MDY6MjggMTY6NDE6MDEASAAAAAEAAABBbmRyb2lkAEgAAAABAAAAQVNVUwAjAAGgAwABAAAAAQAAAASQAgAUAAAAnAIAAJ2CBQABAAAAsAIAAAqSBQABAAAAuAIAAAKSBQABAAAAwAIAAAiSAwABAAAAAAAAAAKkAwABAAAAAAAAAJKSAgAEAAAAMzA0AAOgBAABAAAAgAcAAAWSBQABAAAAyAIAAAakAwABAAAAAAAAAJGSAgAEAAAAMzA0AASkBQABAAAA0AIAAAmkAwABAAAAAAAAACKIAwABAAAAAgAAAAqkAwABAAAAAAAAAAOk
98586815187,Lilian Crane,M,REGULAR,1979-05-30,1,Mcdonald Haney,Christa Lindsay,1,6694845,PM,MS,CENTRO,19417-331,,Travessa Serrano,Nova Iguaçu,4203,SC,90353311641,C,2005-11-08,2017-11-19,/9j/4TyoRXhpZgAASUkqAAgAAAAOACWIBAABAAAALhcAABABAgAGAAAAtgAAAA4BAgAFAAAAvAAAABIBAwABAAAACAAAADIBAgAUAAAAwQAAAAABBAABAAAAAAoAABMCAwABAAAAAQAAACgBAwABAAAAAgAAAAEBBAABAAAAgAcAABsBBQABAAAA1QAAADEBAgAIAAAA3QAAAGmHBAABAAAA8gAAABoBBQABAAAA5QAAAA8BAgAFAAAA7QAAAHsXAABaMDBBRABKcGVnADIwMTc6MDY6MjggMTY6NDE6MDEASAAAAAEAAABBbmRyb2lkAEgAAAABAAAAQVNVUwAjAAGgAwABAAAAAQAAAASQAgAUAAAAnAIAAJ2CBQABAAAAsAIAAAqSBQABAAAAuAIAAAKSBQABAAAAwAIAAAiSAwABAAAAAAAAAAKkAwABAAAAAAAAAJKSAgAEAAAAMzA0AAOgBAABAAAAgAcAAAWSBQABAAAAyAIAAAakAwABAAAAAAAAAJGSAgAEAAAAMzA0AASkBQABAAAA0AIAAAmkAwABAAAAAAAAACKIAwABAAAAAgAAAAqkAwABAAAAAAAAAAOk
00099504197,Celina Hutchinson,M,REGULAR,1969-10-06,1,Luz Ratliff,Oneil Ross,1,6694845,PM,TO,CENTRO,12085-979,,Travessa Serrano,Nova Iguaçu,4284,AP,91828910947,C,2005-09-05,2020-07-30,/9j/4TyoRXhpZgAASUkqAAgAAAAOACWIBAABAAAALhcAABABAgAGAAAAtgAAAA4BAgAFAAAAvAAAABIBAwABAAAACAAAADIBAgAUAAAAwQAAAAABBAABAAAAAAoAABMCAwABAAAAAQAAACgBAwABAAAAAgAAAAEBBAABAAAAgAcAABsBBQABAAAA1QAAADEBAgAIAAAA3QAAAGmHBAABAAAA8gAAABoBBQABAAAA5QAAAA8BAgAFAAAA7QAAAHsXAABaMDBBRABKcGVnADIwMTc6MDY6MjggMTY6NDE6MDEASAAAAAEAAABBbmRyb2lkAEgAAAABAAAAQVNVUwAjAAGgAwABAAAAAQAAAASQAgAUAAAAnAIAAJ2CBQABAAAAsAIAAAqSBQABAAAAuAIAAAKSBQABAAAAwAIAAAiSAwABAAAAAAAAAAKkAwABAAAAAAAAAJKSAgAEAAAAMzA0AAOgBAABAAAAgAcAAAWSBQABAAAAyAIAAAakAwABAAAAAAAAAJGSAgAEAAAAMzA0AASkBQABAAAA0AIAAAmkAwABAAAAAAAAACKIAwABAAAAAgAAAAqkAwABAAAAAAAAAAOk
00109659120,Coleman Harrington,M,REGULAR,1985-02-05,1,Walter Bennett,Duke Chandler,1,6694845,MMA,ES,CENTRO,16223-622,,Travessa Serrano,Nova Iguaçu,7698,SC,93211971908,C,2004-09-18,2018-10-10,/9j/4TyoRXhpZgAASUkqAAgAAAAOACWIBAABAAAALhcAABABAgAGAAAAtgAAAA4BAgAFAAAAvAAAABIBAwABAAAACAAAADIBAgAUAAAAwQAAAAABBAABAAAAAAoAABMCAwABAAAAAQAAACgBAwABAAAAAgAAAAEBBAABAAAAgAcAABsBBQABAAAA1QAAADEBAgAIAAAA3QAAAGmHBAABAAAA8gAAABoBBQABAAAA5QAAAA8BAgAFAAAA7QAAAHsXAABaMDBBRABKcGVnADIwMTc6MDY6MjggMTY6NDE6MDEASAAAAAEAAABBbmRyb2lkAEgAAAABAAAAQVNVUwAjAAGgAwABAAAAAQAAAASQAgAUAAAAnAIAAJ2CBQABAAAAsAIAAAqSBQABAAAAuAIAAAKSBQABAAAAwAIAAAiSAwABAAAAAAAAAAKkAwABAAAAAAAAAJKSAgAEAAAAMzA0AAOgBAABAAAAgAcAAAWSBQABAAAAyAIAAAakAwABAAAAAAAAAJGSAgAEAAAAMzA0AASkBQABAAAA0AIAAAmkAwABAAAAAAAAACKIAwABAAAAAgAAAAqkAwABAAAAAAAAAAOk
00199526192,Mclaughlin Miller,M,REGULAR,1984-10-26,1,Burks Wilkerson,Navarro Ward,1,6694845,SES,CE,CENTRO,11430-554,,Travessa Serrano,Nova Iguaçu,5410,AP,94351041354,B,2002-12-08,2018-06-06,/9j/4TyoRXhpZgAASUkqAAgAAAAOACWIBAABAAAALhcAABABAgAGAAAAtgAAAA4BAgAFAAAAvAAAABIBAwABAAAACAAAADIBAgAUAAAAwQAAAAABBAABAAAAAAoAABMCAwABAAAAAQAAACgBAwABAAAAAgAAAAEBBAABAAAAgAcAABsBBQABAAAA1QAAADEBAgAIAAAA3QAAAGmHBAABAAAA8gAAABoBBQABAAAA5QAAAA8BAgAFAAAA7QAAAHsXAABaMDBBRABKcGVnADIwMTc6MDY6MjggMTY6NDE6MDEASAAAAAEAAABBbmRyb2lkAEgAAAABAAAAQVNVUwAjAAGgAwABAAAAAQAAAASQAgAUAAAAnAIAAJ2CBQABAAAAsAIAAAqSBQABAAAAuAIAAAKSBQABAAAAwAIAAAiSAwABAAAAAAAAAAKkAwABAAAAAAAAAJKSAgAEAAAAMzA0AAOgBAABAAAAgAcAAAWSBQABAAAAyAIAAAakAwABAAAAAAAAAJGSAgAEAAAAMzA0AASkBQABAAAA0AIAAAmkAwABAAAAAAAAACKIAwABAAAAAgAAAAqkAwABAAAAAAAAAAOk
00249002140,Wiggins Potter,M,REGULAR,1985-10-20,1,Houston Grant,Ebony Valencia,1,6694845,IFP,BA,CENTRO,63897-146,,Travessa Serrano,Nova Iguaçu,5348,TO,90076602280,C,2015-12-08,2018-08-15,/9j/4TyoRXhpZgAASUkqAAgAAAAOACWIBAABAAAALhcAABABAgAGAAAAtgAAAA4BAgAFAAAAvAAAABIBAwABAAAACAAAADIBAgAUAAAAwQAAAAABBAABAAAAAAoAABMCAwABAAAAAQAAACgBAwABAAAAAgAAAAEBBAABAAAAgAcAABsBBQABAAAA1QAAADEBAgAIAAAA3QAAAGmHBAABAAAA8gAAABoBBQABAAAA5QAAAA8BAgAFAAAA7QAAAHsXAABaMDBBRABKcGVnADIwMTc6MDY6MjggMTY6NDE6MDEASAAAAAEAAABBbmRyb2lkAEgAAAABAAAAQVNVUwAjAAGgAwABAAAAAQAAAASQAgAUAAAAnAIAAJ2CBQABAAAAsAIAAAqSBQABAAAAuAIAAAKSBQABAAAAwAIAAAiSAwABAAAAAAAAAAKkAwABAAAAAAAAAJKSAgAEAAAAMzA0AAOgBAABAAAAgAcAAAWSBQABAAAAyAIAAAakAwABAAAAAAAAAJGSAgAEAAAAMzA0AASkBQABAAAA0AIAAAmkAwABAAAAAAAAACKIAwABAAAAAgAAAAqkAwABAAAAAAAAAAOk
00478161123,Kitty Pickett,M,REGULAR,1988-08-02,1,Naomi Bates,Noble Duke,1,6694845,MMA,AC,CENTRO,81376-855,,Travessa Serrano,Nova Iguaçu,2157,RR,93153431542,C,2015-07-28,2018-06-05,/9j/4TyoRXhpZgAASUkqAAgAAAAOACWIBAABAAAALhcAABABAgAGAAAAtgAAAA4BAgAFAAAAvAAAABIBAwABAAAACAAAADIBAgAUAAAAwQAAAAABBAABAAAAAAoAABMCAwABAAAAAQAAACgBAwABAAAAAgAAAAEBBAABAAAAgAcAABsBBQABAAAA1QAAADEBAgAIAAAA3QAAAGmHBAABAAAA8gAAABoBBQABAAAA5QAAAA8BAgAFAAAA7QAAAHsXAABaMDBBRABKcGVnADIwMTc6MDY6MjggMTY6NDE6MDEASAAAAAEAAABBbmRyb2lkAEgAAAABAAAAQVNVUwAjAAGgAwABAAAAAQAAAASQAgAUAAAAnAIAAJ2CBQABAAAAsAIAAAqSBQABAAAAuAIAAAKSBQABAAAAwAIAAAiSAwABAAAAAAAAAAKkAwABAAAAAAAAAJKSAgAEAAAAMzA0AAOgBAABAAAAgAcAAAWSBQABAAAAyAIAAAakAwABAAAAAAAAAJGSAgAEAAAAMzA0AASkBQABAAAA0AIAAAmkAwABAAAAAAAAACKIAwABAAAAAgAAAAqkAwABAAAAAAAAAAOk
00668084138,Melton Nixon,M,REGULAR,1975-04-04,1,Suzette Chase,Morales Olson,1,6694845,POF,SC,CENTRO,35681-830,,Travessa Serrano,Nova Iguaçu,8335,CE,92443370977,A,2014-10-20,2021-08-07,/9j/4TyoRXhpZgAASUkqAAgAAAAOACWIBAABAAAALhcAABABAgAGAAAAtgAAAA4BAgAFAAAAvAAAABIBAwABAAAACAAAADIBAgAUAAAAwQAAAAABBAABAAAAAAoAABMCAwABAAAAAQAAACgBAwABAAAAAgAAAAEBBAABAAAAgAcAABsBBQABAAAA1QAAADEBAgAIAAAA3QAAAGmHBAABAAAA8gAAABoBBQABAAAA5QAAAA8BAgAFAAAA7QAAAHsXAABaMDBBRABKcGVnADIwMTc6MDY6MjggMTY6NDE6MDEASAAAAAEAAABBbmRyb2lkAEgAAAABAAAAQVNVUwAjAAGgAwABAAAAAQAAAASQAgAUAAAAnAIAAJ2CBQABAAAAsAIAAAqSBQABAAAAuAIAAAKSBQABAAAAwAIAAAiSAwABAAAAAAAAAAKkAwABAAAAAAAAAJKSAgAEAAAAMzA0AAOgBAABAAAAgAcAAAWSBQABAAAAyAIAAAakAwABAAAAAAAAAJGSAgAEAAAAMzA0AASkBQABAAAA0AIAAAmkAwABAAAAAAAAACKIAwABAAAAAgAAAAqkAwABAAAAAAAAAAOk
00868313130,Frye Odom,M,REGULAR,1961-11-24,1,Nina Kelly,Earlene Branch,1,6694845,POF,SP,CENTRO,62807-285,,Travessa Serrano,Nova Iguaçu,3800,PA,90027829776,A,2011-05-14,2017-10-01,/9j/4TyoRXhpZgAASUkqAAgAAAAOACWIBAABAAAALhcAABABAgAGAAAAtgAAAA4BAgAFAAAAvAAAABIBAwABAAAACAAAADIBAgAUAAAAwQAAAAABBAABAAAAAAoAABMCAwABAAAAAQAAACgBAwABAAAAAgAAAAEBBAABAAAAgAcAABsBBQABAAAA1QAAADEBAgAIAAAA3QAAAGmHBAABAAAA8gAAABoBBQABAAAA5QAAAA8BAgAFAAAA7QAAAHsXAABaMDBBRABKcGVnADIwMTc6MDY6MjggMTY6NDE6MDEASAAAAAEAAABBbmRyb2lkAEgAAAABAAAAQVNVUwAjAAGgAwABAAAAAQAAAASQAgAUAAAAnAIAAJ2CBQABAAAAsAIAAAqSBQABAAAAuAIAAAKSBQABAAAAwAIAAAiSAwABAAAAAAAAAAKkAwABAAAAAAAAAJKSAgAEAAAAMzA0AAOgBAABAAAAgAcAAAWSBQABAAAAyAIAAAakAwABAAAAAAAAAJGSAgAEAAAAMzA0AASkBQABAAAA0AIAAAmkAwABAAAAAAAAACKIAwABAAAAAgAAAAqkAwABAAAAAAAAAAOk
00891054197,Della Mcmillan,M,REGULAR,1962-07-11,1,Diane Rosario,Payne Park,1,6694845,CTPS,CE,CENTRO,78617-314,,Travessa Serrano,Nova Iguaçu,3346,MT,98683980933,C,2013-04-06,2021-09-24,/9j/4TyoRXhpZgAASUkqAAgAAAAOACWIBAABAAAALhcAABABAgAGAAAAtgAAAA4BAgAFAAAAvAAAABIBAwABAAAACAAAADIBAgAUAAAAwQAAAAABBAABAAAAAAoAABMCAwABAAAAAQAAACgBAwABAAAAAgAAAAEBBAABAAAAgAcAABsBBQABAAAA1QAAADEBAgAIAAAA3QAAAGmHBAABAAAA8gAAABoBBQABAAAA5QAAAA8BAgAFAAAA7QAAAHsXAABaMDBBRABKcGVnADIwMTc6MDY6MjggMTY6NDE6MDEASAAAAAEAAABBbmRyb2lkAEgAAAABAAAAQVNVUwAjAAGgAwABAAAAAQAAAASQAgAUAAAAnAIAAJ2CBQABAAAAsAIAAAqSBQABAAAAuAIAAAKSBQABAAAAwAIAAAiSAwABAAAAAAAAAAKkAwABAAAAAAAAAJKSAgAEAAAAMzA0AAOgBAABAAAAgAcAAAWSBQABAAAAyAIAAAakAwABAAAAAAAAAJGSAgAEAAAAMzA0AASkBQABAAAA0AIAAAmkAwABAAAAAAAAACKIAwABAAAAAgAAAAqkAwABAAAAAAAAAAOk
01122918135,Russo Baird,M,REGULAR,1970-01-21,1,Benjamin Goff,Tamika Woods,1,6694845,ZZZ,SC,CENTRO,13646-973,,Travessa Serrano,Nova Iguaçu,9571,RN,98110815697,C,1988-07-14,2020-10-25,/9j/4TyoRXhpZgAASUkqAAgAAAAOACWIBAABAAAALhcAABABAgAGAAAAtgAAAA4BAgAFAAAAvAAAABIBAwABAAAACAAAADIBAgAUAAAAwQAAAAABBAABAAAAAAoAABMCAwABAAAAAQAAACgBAwABAAAAAgAAAAEBBAABAAAAgAcAABsBBQABAAAA1QAAADEBAgAIAAAA3QAAAGmHBAABAAAA8gAAABoBBQABAAAA5QAAAA8BAgAFAAAA7QAAAHsXAABaMDBBRABKcGVnADIwMTc6MDY6MjggMTY6NDE6MDEASAAAAAEAAABBbmRyb2lkAEgAAAABAAAAQVNVUwAjAAGgAwABAAAAAQAAAASQAgAUAAAAnAIAAJ2CBQABAAAAsAIAAAqSBQABAAAAuAIAAAKSBQABAAAAwAIAAAiSAwABAAAAAAAAAAKkAwABAAAAAAAAAJKSAgAEAAAAMzA0AAOgBAABAAAAgAcAAAWSBQABAAAAyAIAAAakAwABAAAAAAAAAJGSAgAEAAAAMzA0AASkBQABAAAA0AIAAAmkAwABAAAAAAAAACKIAwABAAAAAgAAAAqkAwABAAAAAAAAAAOk
01135654107,Hill Bright,M,REGULAR,1976-02-16,1,Noel Burnett,Rosalinda Vaughan,1,6694845,MAE,DF,CENTRO,25276-567,,Travessa Serrano,Nova Iguaçu,6075,RS,98186425342,B,2008-01-28,2021-08-20,/9j/4TyoRXhpZgAASUkqAAgAAAAOACWIBAABAAAALhcAABABAgAGAAAAtgAAAA4BAgAFAAAAvAAAABIBAwABAAAACAAAADIBAgAUAAAAwQAAAAABBAABAAAAAAoAABMCAwABAAAAAQAAACgBAwABAAAAAgAAAAEBBAABAAAAgAcAABsBBQABAAAA1QAAADEBAgAIAAAA3QAAAGmHBAABAAAA8gAAABoBBQABAAAA5QAAAA8BAgAFAAAA7QAAAHsXAABaMDBBRABKcGVnADIwMTc6MDY6MjggMTY6NDE6MDEASAAAAAEAAABBbmRyb2lkAEgAAAABAAAAQVNVUwAjAAGgAwABAAAAAQAAAASQAgAUAAAAnAIAAJ2CBQABAAAAsAIAAAqSBQABAAAAuAIAAAKSBQABAAAAwAIAAAiSAwABAAAAAAAAAAKkAwABAAAAAAAAAJKSAgAEAAAAMzA0AAOgBAABAAAAgAcAAAWSBQABAAAAyAIAAAakAwABAAAAAAAAAJGSAgAEAAAAMzA0AASkBQABAAAA0AIAAAmkAwABAAAAAAAAACKIAwABAAAAAgAAAAqkAwABAAAAAAAAAAOk
01592318177,Kristie Walter,M,REGULAR,1982-05-11,1,Patton Anderson,Kaufman Wood,1,6694845,IPF,TO,CENTRO,31652-466,,Travessa Serrano,Nova Iguaçu,3775,AC,94395145357,B,1990-12-25,2021-06-02,/9j/4TyoRXhpZgAASUkqAAgAAAAOACWIBAABAAAALhcAABABAgAGAAAAtgAAAA4BAgAFAAAAvAAAABIBAwABAAAACAAAADIBAgAUAAAAwQAAAAABBAABAAAAAAoAABMCAwABAAAAAQAAACgBAwABAAAAAgAAAAEBBAABAAAAgAcAABsBBQABAAAA1QAAADEBAgAIAAAA3QAAAGmHBAABAAAA8gAAABoBBQABAAAA5QAAAA8BAgAFAAAA7QAAAHsXAABaMDBBRABKcGVnADIwMTc6MDY6MjggMTY6NDE6MDEASAAAAAEAAABBbmRyb2lkAEgAAAABAAAAQVNVUwAjAAGgAwABAAAAAQAAAASQAgAUAAAAnAIAAJ2CBQABAAAAsAIAAAqSBQABAAAAuAIAAAKSBQABAAAAwAIAAAiSAwABAAAAAAAAAAKkAwABAAAAAAAAAJKSAgAEAAAAMzA0AAOgBAABAAAAgAcAAAWSBQABAAAAyAIAAAakAwABAAAAAAAAAJGSAgAEAAAAMzA0AASkBQABAAAA0AIAAAmkAwABAAAAAAAAACKIAwABAAAAAgAAAAqkAwABAAAAAAAAAAOk
01648527949,Rene Guthrie,M,Cancelada por Multiplicidade,1973-07-05,1,Rush Sharpe,Juliet Peck,1,6694845,MTE,RN,CENTRO,32365-853,,Travessa Serrano,Nova Iguaçu,7995,AL,90909675313,A,1992-11-22,2019-05-03,/9j/4TyoRXhpZgAASUkqAAgAAAAOACWIBAABAAAALhcAABABAgAGAAAAtgAAAA4BAgAFAAAAvAAAABIBAwABAAAACAAAADIBAgAUAAAAwQAAAAABBAABAAAAAAoAABMCAwABAAAAAQAAACgBAwABAAAAAgAAAAEBBAABAAAAgAcAABsBBQABAAAA1QAAADEBAgAIAAAA3QAAAGmHBAABAAAA8gAAABoBBQABAAAA5QAAAA8BAgAFAAAA7QAAAHsXAABaMDBBRABKcGVnADIwMTc6MDY6MjggMTY6NDE6MDEASAAAAAEAAABBbmRyb2lkAEgAAAABAAAAQVNVUwAjAAGgAwABAAAAAQAAAASQAgAUAAAAnAIAAJ2CBQABAAAAsAIAAAqSBQABAAAAuAIAAAKSBQABAAAAwAIAAAiSAwABAAAAAAAAAAKkAwABAAAAAAAAAJKSAgAEAAAAMzA0AAOgBAABAAAAgAcAAAWSBQABAAAAyAIAAAakAwABAAAAAAAAAJGSAgAEAAAAMzA0AASkBQABAAAA0AIAAAmkAwABAAAAAAAAACKIAwABAAAAAgAAAAqkAwABAAAAAAAAAAOk
01693568845,Dickson Pruitt,M,REGULAR,1961-03-11,1,Fanny Payne,Blair Diaz,1,6694845,CNT,RO,CENTRO,81023-889,,Travessa Serrano,Nova Iguaçu,7782,RO,90426365774,B,1981-03-13,2021-09-24,/9j/4TyoRXhpZgAASUkqAAgAAAAOACWIBAABAAAALhcAABABAgAGAAAAtgAAAA4BAgAFAAAAvAAAABIBAwABAAAACAAAADIBAgAUAAAAwQAAAAABBAABAAAAAAoAABMCAwABAAAAAQAAACgBAwABAAAAAgAAAAEBBAABAAAAgAcAABsBBQABAAAA1QAAADEBAgAIAAAA3QAAAGmHBAABAAAA8gAAABoBBQABAAAA5QAAAA8BAgAFAAAA7QAAAHsXAABaMDBBRABKcGVnADIwMTc6MDY6MjggMTY6NDE6MDEASAAAAAEAAABBbmRyb2lkAEgAAAABAAAAQVNVUwAjAAGgAwABAAAAAQAAAASQAgAUAAAAnAIAAJ2CBQABAAAAsAIAAAqSBQABAAAAuAIAAAKSBQABAAAAwAIAAAiSAwABAAAAAAAAAAKkAwABAAAAAAAAAJKSAgAEAAAAMzA0AAOgBAABAAAAgAcAAAWSBQABAAAAyAIAAAakAwABAAAAAAAAAJGSAgAEAAAAMzA0AASkBQABAAAA0AIAAAmkAwABAAAAAAAAACKIAwABAAAAAgAAAAqkAwABAAAAAAAAAAOk
01731646178,Bettye Baker,M,REGULAR,1990-02-04,1,Melanie Paul,Ilene Gibbs,1,6694845,CNT,RJ,CENTRO,70205-497,,Travessa Serrano,Nova Iguaçu,9021,CE,93788503145,C,2016-07-24,2021-07-22,/9j/4TyoRXhpZgAASUkqAAgAAAAOACWIBAABAAAALhcAABABAgAGAAAAtgAAAA4BAgAFAAAAvAAAABIBAwABAAAACAAAADIBAgAUAAAAwQAAAAABBAABAAAAAAoAABMCAwABAAAAAQAAACgBAwABAAAAAgAAAAEBBAABAAAAgAcAABsBBQABAAAA1QAAADEBAgAIAAAA3QAAAGmHBAABAAAA8gAAABoBBQABAAAA5QAAAA8BAgAFAAAA7QAAAHsXAABaMDBBRABKcGVnADIwMTc6MDY6MjggMTY6NDE6MDEASAAAAAEAAABBbmRyb2lkAEgAAAABAAAAQVNVUwAjAAGgAwABAAAAAQAAAASQAgAUAAAAnAIAAJ2CBQABAAAAsAIAAAqSBQABAAAAuAIAAAKSBQABAAAAwAIAAAiSAwABAAAAAAAAAAKkAwABAAAAAAAAAJKSAgAEAAAAMzA0AAOgBAABAAAAgAcAAAWSBQABAAAAyAIAAAakAwABAAAAAAAAAJGSAgAEAAAAMzA0AASkBQABAAAA0AIAAAmkAwABAAAAAAAAACKIAwABAAAAAgAAAAqkAwABAAAAAAAAAAOk
01815757108,Debora Barlow,M,REGULAR,1965-12-05,1,Angela Allison,Marcella Leach,1,6694845,PM,MA,CENTRO,24797-705,,Travessa Serrano,Nova Iguaçu,3767,ES,99851078971,B,1982-08-31,2021-12-29,/9j/4TyoRXhpZgAASUkqAAgAAAAOACWIBAABAAAALhcAABABAgAGAAAAtgAAAA4BAgAFAAAAvAAAABIBAwABAAAACAAAADIBAgAUAAAAwQAAAAABBAABAAAAAAoAABMCAwABAAAAAQAAACgBAwABAAAAAgAAAAEBBAABAAAAgAcAABsBBQABAAAA1QAAADEBAgAIAAAA3QAAAGmHBAABAAAA8gAAABoBBQABAAAA5QAAAA8BAgAFAAAA7QAAAHsXAABaMDBBRABKcGVnADIwMTc6MDY6MjggMTY6NDE6MDEASAAAAAEAAABBbmRyb2lkAEgAAAABAAAAQVNVUwAjAAGgAwABAAAAAQAAAASQAgAUAAAAnAIAAJ2CBQABAAAAsAIAAAqSBQABAAAAuAIAAAKSBQABAAAAwAIAAAiSAwABAAAAAAAAAAKkAwABAAAAAAAAAJKSAgAEAAAAMzA0AAOgBAABAAAAgAcAAAWSBQABAAAAyAIAAAakAwABAAAAAAAAAJGSAgAEAAAAMzA0AASkBQABAAAA0AIAAAmkAwABAAAAAAAAACKIAwABAAAAAgAAAAqkAwABAAAAAAAAAAOk
02016473975,Henrietta Mosley,M,REGULAR,1978-04-07,1,Rachelle Hunt,Louella Moran,1,6694845,SJTS,AC,CENTRO,40556-613,,Travessa Serrano,Nova Iguaçu,2405,BA,93817038901,A,1995-05-02,2019-06-29,/9j/4TyoRXhpZgAASUkqAAgAAAAOACWIBAABAAAALhcAABABAgAGAAAAtgAAAA4BAgAFAAAAvAAAABIBAwABAAAACAAAADIBAgAUAAAAwQAAAAABBAABAAAAAAoAABMCAwABAAAAAQAAACgBAwABAAAAAgAAAAEBBAABAAAAgAcAABsBBQABAAAA1QAAADEBAgAIAAAA3QAAAGmHBAABAAAA8gAAABoBBQABAAAA5QAAAA8BAgAFAAAA7QAAAHsXAABaMDBBRABKcGVnADIwMTc6MDY6MjggMTY6NDE6MDEASAAAAAEAAABBbmRyb2lkAEgAAAABAAAAQVNVUwAjAAGgAwABAAAAAQAAAASQAgAUAAAAnAIAAJ2CBQABAAAAsAIAAAqSBQABAAAAuAIAAAKSBQABAAAAwAIAAAiSAwABAAAAAAAAAAKkAwABAAAAAAAAAJKSAgAEAAAAMzA0AAOgBAABAAAAgAcAAAWSBQABAAAAyAIAAAakAwABAAAAAAAAAJGSAgAEAAAAMzA0AASkBQABAAAA0AIAAAmkAwABAAAAAAAAACKIAwABAAAAAgAAAAqkAwABAAAAAAAAAAOk
02029818194,Combs Peterson,M,REGULAR,1964-02-27,1,Kaitlin Morton,Maribel Ferrell,1,6694845,IML,GO,CENTRO,64058-507,,Travessa Serrano,Nova Iguaçu,8020,AC,96984624996,B,2010-10-12,2018-07-09,/9j/4TyoRXhpZgAASUkqAAgAAAAOACWIBAABAAAALhcAABABAgAGAAAAtgAAAA4BAgAFAAAAvAAAABIBAwABAAAACAAAADIBAgAUAAAAwQAAAAABBAABAAAAAAoAABMCAwABAAAAAQAAACgBAwABAAAAAgAAAAEBBAABAAAAgAcAABsBBQABAAAA1QAAADEBAgAIAAAA3QAAAGmHBAABAAAA8gAAABoBBQABAAAA5QAAAA8BAgAFAAAA7QAAAHsXAABaMDBBRABKcGVnADIwMTc6MDY6MjggMTY6NDE6MDEASAAAAAEAAABBbmRyb2lkAEgAAAABAAAAQVNVUwAjAAGgAwABAAAAAQAAAASQAgAUAAAAnAIAAJ2CBQABAAAAsAIAAAqSBQABAAAAuAIAAAKSBQABAAAAwAIAAAiSAwABAAAAAAAAAAKkAwABAAAAAAAAAJKSAgAEAAAAMzA0AAOgBAABAAAAgAcAAAWSBQABAAAAyAIAAAakAwABAAAAAAAAAJGSAgAEAAAAMzA0AASkBQABAAAA0AIAAAmkAwABAAAAAAAAACKIAwABAAAAAgAAAAqkAwABAAAAAAAAAAOk
02074603100,Rhoda Arnold,M,REGULAR,1983-09-01,1,Monroe Bowen,Kristine Hodges,1,6694845,ZZZ,MT,CENTRO,58646-613,,Travessa Serrano,Nova Iguaçu,1304,MG,94733533834,B,1992-05-12,2017-10-05,/9j/4TyoRXhpZgAASUkqAAgAAAAOACWIBAABAAAALhcAABABAgAGAAAAtgAAAA4BAgAFAAAAvAAAABIBAwABAAAACAAAADIBAgAUAAAAwQAAAAABBAABAAAAAAoAABMCAwABAAAAAQAAACgBAwABAAAAAgAAAAEBBAABAAAAgAcAABsBBQABAAAA1QAAADEBAgAIAAAA3QAAAGmHBAABAAAA8gAAABoBBQABAAAA5QAAAA8BAgAFAAAA7QAAAHsXAABaMDBBRABKcGVnADIwMTc6MDY6MjggMTY6NDE6MDEASAAAAAEAAABBbmRyb2lkAEgAAAABAAAAQVNVUwAjAAGgAwABAAAAAQAAAASQAgAUAAAAnAIAAJ2CBQABAAAAsAIAAAqSBQABAAAAuAIAAAKSBQABAAAAwAIAAAiSAwABAAAAAAAAAAKkAwABAAAAAAAAAJKSAgAEAAAAMzA0AAOgBAABAAAAgAcAAAWSBQABAAAAyAIAAAakAwABAAAAAAAAAJGSAgAEAAAAMzA0AASkBQABAAAA0AIAAAmkAwABAAAAAAAAACKIAwABAAAAAgAAAAqkAwABAAAAAAAAAAOk
02142419127,Shelton Woodward,M,REGULAR,1987-01-24,1,Knox York,Dyer Miles,1,6694845,POF,SC,CENTRO,89193-519,,Travessa Serrano,Nova Iguaçu,1043,MT,96280305971,A,1983-07-31,2019-05-30,/9j/4TyoRXhpZgAASUkqAAgAAAAOACWIBAABAAAALhcAABABAgAGAAAAtgAAAA4BAgAFAAAAvAAAABIBAwABAAAACAAAADIBAgAUAAAAwQAAAAABBAABAAAAAAoAABMCAwABAAAAAQAAACgBAwABAAAAAgAAAAEBBAABAAAAgAcAABsBBQABAAAA1QAAADEBAgAIAAAA3QAAAGmHBAABAAAA8gAAABoBBQABAAAA5QAAAA8BAgAFAAAA7QAAAHsXAABaMDBBRABKcGVnADIwMTc6MDY6MjggMTY6NDE6MDEASAAAAAEAAABBbmRyb2lkAEgAAAABAAAAQVNVUwAjAAGgAwABAAAAAQAAAASQAgAUAAAAnAIAAJ2CBQABAAAAsAIAAAqSBQABAAAAuAIAAAKSBQABAAAAwAIAAAiSAwABAAAAAAAAAAKkAwABAAAAAAAAAJKSAgAEAAAAMzA0AAOgBAABAAAAgAcAAAWSBQABAAAAyAIAAAakAwABAAAAAAAAAJGSAgAEAAAAMzA0AASkBQABAAAA0AIAAAmkAwABAAAAAAAAACKIAwABAAAAAgAAAAqkAwABAAAAAAAAAAOk
02161517163,Alejandra Patton,M,REGULAR,1992-12-27,1,Trujillo Francis,Ines Fitzgerald,1,6694845,PM,TO,CENTRO,24327-839,,Travessa Serrano,Nova Iguaçu,5825,MT,95486537635,B,1994-07-14,2018-10-01,/9j/4TyoRXhpZgAASUkqAAgAAAAOACWIBAABAAAALhcAABABAgAGAAAAtgAAAA4BAgAFAAAAvAAAABIBAwABAAAACAAAADIBAgAUAAAAwQAAAAABBAABAAAAAAoAABMCAwABAAAAAQAAACgBAwABAAAAAgAAAAEBBAABAAAAgAcAABsBBQABAAAA1QAAADEBAgAIAAAA3QAAAGmHBAABAAAA8gAAABoBBQABAAAA5QAAAA8BAgAFAAAA7QAAAHsXAABaMDBBRABKcGVnADIwMTc6MDY6MjggMTY6NDE6MDEASAAAAAEAAABBbmRyb2lkAEgAAAABAAAAQVNVUwAjAAGgAwABAAAAAQAAAASQAgAUAAAAnAIAAJ2CBQABAAAAsAIAAAqSBQABAAAAuAIAAAKSBQABAAAAwAIAAAiSAwABAAAAAAAAAAKkAwABAAAAAAAAAJKSAgAEAAAAMzA0AAOgBAABAAAAgAcAAAWSBQABAAAAyAIAAAakAwABAAAAAAAAAJGSAgAEAAAAMzA0AASkBQABAAAA0AIAAAmkAwABAAAAAAAAACKIAwABAAAAAgAAAAqkAwABAAAAAAAAAAOk
02192634188,Atkins Blake,M,REGULAR,1988-07-18,1,Battle Kidd,Robinson Fleming,1,6694845,MEX,TO,CENTRO,74554-449,,Travessa Serrano,Nova Iguaçu,5584,AL,94210445703,B,2002-10-27,2018-05-19,/9j/4TyoRXhpZgAASUkqAAgAAAAOACWIBAABAAAALhcAABABAgAGAAAAtgAAAA4BAgAFAAAAvAAAABIBAwABAAAACAAAADIBAgAUAAAAwQAAAAABBAABAAAAAAoAABMCAwABAAAAAQAAACgBAwABAAAAAgAAAAEBBAABAAAAgAcAABsBBQABAAAA1QAAADEBAgAIAAAA3QAAAGmHBAABAAAA8gAAABoBBQABAAAA5QAAAA8BAgAFAAAA7QAAAHsXAABaMDBBRABKcGVnADIwMTc6MDY6MjggMTY6NDE6MDEASAAAAAEAAABBbmRyb2lkAEgAAAABAAAAQVNVUwAjAAGgAwABAAAAAQAAAASQAgAUAAAAnAIAAJ2CBQABAAAAsAIAAAqSBQABAAAAuAIAAAKSBQABAAAAwAIAAAiSAwABAAAAAAAAAAKkAwABAAAAAAAAAJKSAgAEAAAAMzA0AAOgBAABAAAAgAcAAAWSBQABAAAAyAIAAAakAwABAAAAAAAAAJGSAgAEAAAAMzA0AASkBQABAAAA0AIAAAmkAwABAAAAAAAAACKIAwABAAAAAgAAAAqkAwABAAAAAAAAAAOk
02234738121,Georgia Dodson,M,REGULAR,1991-01-27,1,Berry Harmon,Corrine Roberts,1,6694845,CNT,SE,CENTRO,47477-160,,Travessa Serrano,Nova Iguaçu,7806,ES,98264745592,C,1981-09-15,2018-11-22,/9j/4TyoRXhpZgAASUkqAAgAAAAOACWIBAABAAAALhcAABABAgAGAAAAtgAAAA4BAgAFAAAAvAAAABIBAwABAAAACAAAADIBAgAUAAAAwQAAAAABBAABAAAAAAoAABMCAwABAAAAAQAAACgBAwABAAAAAgAAAAEBBAABAAAAgAcAABsBBQABAAAA1QAAADEBAgAIAAAA3QAAAGmHBAABAAAA8gAAABoBBQABAAAA5QAAAA8BAgAFAAAA7QAAAHsXAABaMDBBRABKcGVnADIwMTc6MDY6MjggMTY6NDE6MDEASAAAAAEAAABBbmRyb2lkAEgAAAABAAAAQVNVUwAjAAGgAwABAAAAAQAAAASQAgAUAAAAnAIAAJ2CBQABAAAAsAIAAAqSBQABAAAAuAIAAAKSBQABAAAAwAIAAAiSAwABAAAAAAAAAAKkAwABAAAAAAAAAJKSAgAEAAAAMzA0AAOgBAABAAAAgAcAAAWSBQABAAAAyAIAAAakAwABAAAAAAAAAJGSAgAEAAAAMzA0AASkBQABAAAA0AIAAAmkAwABAAAAAAAAACKIAwABAAAAAgAAAAqkAwABAAAAAAAAAAOk
02395812102,Lara Johnston,M,REGULAR,1993-06-20,1,Rosalyn Clark,Pittman Dennis,1,6694845,IML,SP,CENTRO,46817-780,,Travessa Serrano,Nova Iguaçu,9004,SE,90376372991,B,1984-09-29,2018-05-09,/9j/4TyoRXhpZgAASUkqAAgAAAAOACWIBAABAAAALhcAABABAgAGAAAAtgAAAA4BAgAFAAAAvAAAABIBAwABAAAACAAAADIBAgAUAAAAwQAAAAABBAABAAAAAAoAABMCAwABAAAAAQAAACgBAwABAAAAAgAAAAEBBAABAAAAgAcAABsBBQABAAAA1QAAADEBAgAIAAAA3QAAAGmHBAABAAAA8gAAABoBBQABAAAA5QAAAA8BAgAFAAAA7QAAAHsXAABaMDBBRABKcGVnADIwMTc6MDY6MjggMTY6NDE6MDEASAAAAAEAAABBbmRyb2lkAEgAAAABAAAAQVNVUwAjAAGgAwABAAAAAQAAAASQAgAUAAAAnAIAAJ2CBQABAAAAsAIAAAqSBQABAAAAuAIAAAKSBQABAAAAwAIAAAiSAwABAAAAAAAAAAKkAwABAAAAAAAAAJKSAgAEAAAAMzA0AAOgBAABAAAAgAcAAAWSBQABAAAAyAIAAAakAwABAAAAAAAAAJGSAgAEAAAAMzA0AASkBQABAAAA0AIAAAmkAwABAAAAAAAAACKIAwABAAAAAgAAAAqkAwABAAAAAAAAAAOk
02448591164,Susana Mccray,M,REGULAR,1977-12-28,1,English Camacho,Soto James,1,6694845,SSP,RS,CENTRO,42986-379,,Travessa Serrano,Nova Iguaçu,1819,AC,91305923855,C,1987-01-07,2018-11-14,/9j/4TyoRXhpZgAASUkqAAgAAAAOACWIBAABAAAALhcAABABAgAGAAAAtgAAAA4BAgAFAAAAvAAAABIBAwABAAAACAAAADIBAgAUAAAAwQAAAAABBAABAAAAAAoAABMCAwABAAAAAQAAACgBAwABAAAAAgAAAAEBBAABAAAAgAcAABsBBQABAAAA1QAAADEBAgAIAAAA3QAAAGmHBAABAAAA8gAAABoBBQABAAAA5QAAAA8BAgAFAAAA7QAAAHsXAABaMDBBRABKcGVnADIwMTc6MDY6MjggMTY6NDE6MDEASAAAAAEAAABBbmRyb2lkAEgAAAABAAAAQVNVUwAjAAGgAwABAAAAAQAAAASQAgAUAAAAnAIAAJ2CBQABAAAAsAIAAAqSBQABAAAAuAIAAAKSBQABAAAAwAIAAAiSAwABAAAAAAAAAAKkAwABAAAAAAAAAJKSAgAEAAAAMzA0AAOgBAABAAAAgAcAAAWSBQABAAAAyAIAAAakAwABAAAAAAAAAJGSAgAEAAAAMzA0AASkBQABAAAA0AIAAAmkAwABAAAAAAAAACKIAwABAAAAAgAAAAqkAwABAAAAAAAAAAOk
02476417157,Staci Castillo,M,REGULAR,1988-04-06,1,Solomon Santos,Dorthy Cannon,1,6694845,SSP,RN,CENTRO,20096-126,,Travessa Serrano,Nova Iguaçu,9596,AC,94065330960,A,1985-12-04,2019-08-20,/9j/4TyoRXhpZgAASUkqAAgAAAAOACWIBAABAAAALhcAABABAgAGAAAAtgAAAA4BAgAFAAAAvAAAABIBAwABAAAACAAAADIBAgAUAAAAwQAAAAABBAABAAAAAAoAABMCAwABAAAAAQAAACgBAwABAAAAAgAAAAEBBAABAAAAgAcAABsBBQABAAAA1QAAADEBAgAIAAAA3QAAAGmHBAABAAAA8gAAABoBBQABAAAA5QAAAA8BAgAFAAAA7QAAAHsXAABaMDBBRABKcGVnADIwMTc6MDY6MjggMTY6NDE6MDEASAAAAAEAAABBbmRyb2lkAEgAAAABAAAAQVNVUwAjAAGgAwABAAAAAQAAAASQAgAUAAAAnAIAAJ2CBQABAAAAsAIAAAqSBQABAAAAuAIAAAKSBQABAAAAwAIAAAiSAwABAAAAAAAAAAKkAwABAAAAAAAAAJKSAgAEAAAAMzA0AAOgBAABAAAAgAcAAAWSBQABAAAAyAIAAAakAwABAAAAAAAAAJGSAgAEAAAAMzA0AASkBQABAAAA0AIAAAmkAwABAAAAAAAAACKIAwABAAAAAgAAAAqkAwABAAAAAAAAAAOk
02522478176,Angelica Glenn,M,REGULAR,1996-10-10,1,Marquita Reeves,Bowman Ashley,1,6694845,IML,RR,CENTRO,93604-614,,Travessa Serrano,Nova Iguaçu,5462,AL,98757627543,C,2013-03-28,2018-08-23,/9j/4TyoRXhpZgAASUkqAAgAAAAOACWIBAABAAAALhcAABABAgAGAAAAtgAAAA4BAgAFAAAAvAAAABIBAwABAAAACAAAADIBAgAUAAAAwQAAAAABBAABAAAAAAoAABMCAwABAAAAAQAAACgBAwABAAAAAgAAAAEBBAABAAAAgAcAABsBBQABAAAA1QAAADEBAgAIAAAA3QAAAGmHBAABAAAA8gAAABoBBQABAAAA5QAAAA8BAgAFAAAA7QAAAHsXAABaMDBBRABKcGVnADIwMTc6MDY6MjggMTY6NDE6MDEASAAAAAEAAABBbmRyb2lkAEgAAAABAAAAQVNVUwAjAAGgAwABAAAAAQAAAASQAgAUAAAAnAIAAJ2CBQABAAAAsAIAAAqSBQABAAAAuAIAAAKSBQABAAAAwAIAAAiSAwABAAAAAAAAAAKkAwABAAAAAAAAAJKSAgAEAAAAMzA0AAOgBAABAAAAgAcAAAWSBQABAAAAyAIAAAakAwABAAAAAAAAAJGSAgAEAAAAMzA0AASkBQABAAAA0AIAAAmkAwABAAAAAAAAACKIAwABAAAAAgAAAAqkAwABAAAAAAAAAAOk
02609896140,Tonia Rosales,M,REGULAR,1979-11-02,1,Winifred Gay,Clara Bird,1,6694845,FGTS,RR,CENTRO,84745-695,,Travessa Serrano,Nova Iguaçu,8170,AL,96888025115,C,1992-02-25,2018-05-27,/9j/4TyoRXhpZgAASUkqAAgAAAAOACWIBAABAAAALhcAABABAgAGAAAAtgAAAA4BAgAFAAAAvAAAABIBAwABAAAACAAAADIBAgAUAAAAwQAAAAABBAABAAAAAAoAABMCAwABAAAAAQAAACgBAwABAAAAAgAAAAEBBAABAAAAgAcAABsBBQABAAAA1QAAADEBAgAIAAAA3QAAAGmHBAABAAAA8gAAABoBBQABAAAA5QAAAA8BAgAFAAAA7QAAAHsXAABaMDBBRABKcGVnADIwMTc6MDY6MjggMTY6NDE6MDEASAAAAAEAAABBbmRyb2lkAEgAAAABAAAAQVNVUwAjAAGgAwABAAAAAQAAAASQAgAUAAAAnAIAAJ2CBQABAAAAsAIAAAqSBQABAAAAuAIAAAKSBQABAAAAwAIAAAiSAwABAAAAAAAAAAKkAwABAAAAAAAAAJKSAgAEAAAAMzA0AAOgBAABAAAAgAcAAAWSBQABAAAAyAIAAAakAwABAAAAAAAAAJGSAgAEAAAAMzA0AASkBQABAAAA0AIAAAmkAwABAAAAAAAAACKIAwABAAAAAgAAAAqkAwABAAAAAAAAAAOk
02950392130,Shelly Greene,M,REGULAR,1966-10-31,1,Good Leon,Acosta Weeks,1,6694845,SJS,RO,CENTRO,20898-151,,Travessa Serrano,Nova Iguaçu,7237,SC,90235904635,B,2004-04-03,2018-12-05,/9j/4TyoRXhpZgAASUkqAAgAAAAOACWIBAABAAAALhcAABABAgAGAAAAtgAAAA4BAgAFAAAAvAAAABIBAwABAAAACAAAADIBAgAUAAAAwQAAAAABBAABAAAAAAoAABMCAwABAAAAAQAAACgBAwABAAAAAgAAAAEBBAABAAAAgAcAABsBBQABAAAA1QAAADEBAgAIAAAA3QAAAGmHBAABAAAA8gAAABoBBQABAAAA5QAAAA8BAgAFAAAA7QAAAHsXAABaMDBBRABKcGVnADIwMTc6MDY6MjggMTY6NDE6MDEASAAAAAEAAABBbmRyb2lkAEgAAAABAAAAQVNVUwAjAAGgAwABAAAAAQAAAASQAgAUAAAAnAIAAJ2CBQABAAAAsAIAAAqSBQABAAAAuAIAAAKSBQABAAAAwAIAAAiSAwABAAAAAAAAAAKkAwABAAAAAAAAAJKSAgAEAAAAMzA0AAOgBAABAAAAgAcAAAWSBQABAAAAyAIAAAakAwABAAAAAAAAAJGSAgAEAAAAMzA0AASkBQABAAAA0AIAAAmkAwABAAAAAAAAACKIAwABAAAAAgAAAAqkAwABAAAAAAAAAAOk
03081269121,Santana Rogers,M,REGULAR,1967-12-18,1,Randolph Blanchard,Camille Preston,1,6694845,CTPS,DF,CENTRO,94264-923,,Travessa Serrano,Nova Iguaçu,2472,CE,94214172535,B,2007-02-08,2019-03-12,/9j/4TyoRXhpZgAASUkqAAgAAAAOACWIBAABAAAALhcAABABAgAGAAAAtgAAAA4BAgAFAAAAvAAAABIBAwABAAAACAAAADIBAgAUAAAAwQAAAAABBAABAAAAAAoAABMCAwABAAAAAQAAACgBAwABAAAAAgAAAAEBBAABAAAAgAcAABsBBQABAAAA1QAAADEBAgAIAAAA3QAAAGmHBAABAAAA8gAAABoBBQABAAAA5QAAAA8BAgAFAAAA7QAAAHsXAABaMDBBRABKcGVnADIwMTc6MDY6MjggMTY6NDE6MDEASAAAAAEAAABBbmRyb2lkAEgAAAABAAAAQVNVUwAjAAGgAwABAAAAAQAAAASQAgAUAAAAnAIAAJ2CBQABAAAAsAIAAAqSBQABAAAAuAIAAAKSBQABAAAAwAIAAAiSAwABAAAAAAAAAAKkAwABAAAAAAAAAJKSAgAEAAAAMzA0AAOgBAABAAAAgAcAAAWSBQABAAAAyAIAAAakAwABAAAAAAAAAJGSAgAEAAAAMzA0AASkBQABAAAA0AIAAAmkAwABAAAAAAAAACKIAwABAAAAAgAAAAqkAwABAAAAAAAAAAOk
03141299102,Maritza Mcfadden,M,REGULAR,1962-06-06,1,Rachel Foley,Landry Pollard,1,6694845,MTE,CE,CENTRO,84132-224,,Travessa Serrano,Nova Iguaçu,4773,AL,99139709235,C,2000-12-07,2021-12-01,/9j/4TyoRXhpZgAASUkqAAgAAAAOACWIBAABAAAALhcAABABAgAGAAAAtgAAAA4BAgAFAAAAvAAAABIBAwABAAAACAAAADIBAgAUAAAAwQAAAAABBAABAAAAAAoAABMCAwABAAAAAQAAACgBAwABAAAAAgAAAAEBBAABAAAAgAcAABsBBQABAAAA1QAAADEBAgAIAAAA3QAAAGmHBAABAAAA8gAAABoBBQABAAAA5QAAAA8BAgAFAAAA7QAAAHsXAABaMDBBRABKcGVnADIwMTc6MDY6MjggMTY6NDE6MDEASAAAAAEAAABBbmRyb2lkAEgAAAABAAAAQVNVUwAjAAGgAwABAAAAAQAAAASQAgAUAAAAnAIAAJ2CBQABAAAAsAIAAAqSBQABAAAAuAIAAAKSBQABAAAAwAIAAAiSAwABAAAAAAAAAAKkAwABAAAAAAAAAJKSAgAEAAAAMzA0AAOgBAABAAAAgAcAAAWSBQABAAAAyAIAAAakAwABAAAAAAAAAJGSAgAEAAAAMzA0AASkBQABAAAA0AIAAAmkAwABAAAAAAAAACKIAwABAAAAAgAAAAqkAwABAAAAAAAAAAOk
03146253135,Chrystal Santiago,M,REGULAR,1998-09-06,1,Tabatha Michael,Clare Gardner,1,6694845,DIC,AC,CENTRO,35721-276,,Travessa Serrano,Nova Iguaçu,5351,AC,95463879374,B,1994-12-16,2017-10-01,/9j/4TyoRXhpZgAASUkqAAgAAAAOACWIBAABAAAALhcAABABAgAGAAAAtgAAAA4BAgAFAAAAvAAAABIBAwABAAAACAAAADIBAgAUAAAAwQAAAAABBAABAAAAAAoAABMCAwABAAAAAQAAACgBAwABAAAAAgAAAAEBBAABAAAAgAcAABsBBQABAAAA1QAAADEBAgAIAAAA3QAAAGmHBAABAAAA8gAAABoBBQABAAAA5QAAAA8BAgAFAAAA7QAAAHsXAABaMDBBRABKcGVnADIwMTc6MDY6MjggMTY6NDE6MDEASAAAAAEAAABBbmRyb2lkAEgAAAABAAAAQVNVUwAjAAGgAwABAAAAAQAAAASQAgAUAAAAnAIAAJ2CBQABAAAAsAIAAAqSBQABAAAAuAIAAAKSBQABAAAAwAIAAAiSAwABAAAAAAAAAAKkAwABAAAAAAAAAJKSAgAEAAAAMzA0AAOgBAABAAAAgAcAAAWSBQABAAAAyAIAAAakAwABAAAAAAAAAJGSAgAEAAAAMzA0AASkBQABAAAA0AIAAAmkAwABAAAAAAAAACKIAwABAAAAAgAAAAqkAwABAAAAAAAAAAOk
03408024138,Gloria Warner,M,REGULAR,1996-12-20,1,Esmeralda Bryan,Velazquez Frye,1,6694845,SJS,DF,CENTRO,64552-236,,Travessa Serrano,Nova Iguaçu,8248,DF,90524272162,B,1983-06-28,2019-11-01,/9j/4TyoRXhpZgAASUkqAAgAAAAOACWIBAABAAAALhcAABABAgAGAAAAtgAAAA4BAgAFAAAAvAAAABIBAwABAAAACAAAADIBAgAUAAAAwQAAAAABBAABAAAAAAoAABMCAwABAAAAAQAAACgBAwABAAAAAgAAAAEBBAABAAAAgAcAABsBBQABAAAA1QAAADEBAgAIAAAA3QAAAGmHBAABAAAA8gAAABoBBQABAAAA5QAAAA8BAgAFAAAA7QAAAHsXAABaMDBBRABKcGVnADIwMTc6MDY6MjggMTY6NDE6MDEASAAAAAEAAABBbmRyb2lkAEgAAAABAAAAQVNVUwAjAAGgAwABAAAAAQAAAASQAgAUAAAAnAIAAJ2CBQABAAAAsAIAAAqSBQABAAAAuAIAAAKSBQABAAAAwAIAAAiSAwABAAAAAAAAAAKkAwABAAAAAAAAAJKSAgAEAAAAMzA0AAOgBAABAAAAgAcAAAWSBQABAAAAyAIAAAakAwABAAAAAAAAAJGSAgAEAAAAMzA0AASkBQABAAAA0AIAAAmkAwABAAAAAAAAACKIAwABAAAAAgAAAAqkAwABAAAAAAAAAAOk
03595807189,Kristy Elliott,M,REGULAR,1998-08-08,1,Luisa Cochran,Lillie Neal,1,6694845,MTE,MT,CENTRO,47490-428,,Travessa Serrano,Nova Iguaçu,7162,MG,97944322062,A,2011-11-06,2018-12-18,/9j/4TyoRXhpZgAASUkqAAgAAAAOACWIBAABAAAALhcAABABAgAGAAAAtgAAAA4BAgAFAAAAvAAAABIBAwABAAAACAAAADIBAgAUAAAAwQAAAAABBAABAAAAAAoAABMCAwABAAAAAQAAACgBAwABAAAAAgAAAAEBBAABAAAAgAcAABsBBQABAAAA1QAAADEBAgAIAAAA3QAAAGmHBAABAAAA8gAAABoBBQABAAAA5QAAAA8BAgAFAAAA7QAAAHsXAABaMDBBRABKcGVnADIwMTc6MDY6MjggMTY6NDE6MDEASAAAAAEAAABBbmRyb2lkAEgAAAABAAAAQVNVUwAjAAGgAwABAAAAAQAAAASQAgAUAAAAnAIAAJ2CBQABAAAAsAIAAAqSBQABAAAAuAIAAAKSBQABAAAAwAIAAAiSAwABAAAAAAAAAAKkAwABAAAAAAAAAJKSAgAEAAAAMzA0AAOgBAABAAAAgAcAAAWSBQABAAAAyAIAAAakAwABAAAAAAAAAJGSAgAEAAAAMzA0AASkBQABAAAA0AIAAAmkAwABAAAAAAAAACKIAwABAAAAAgAAAAqkAwABAAAAAAAAAAOk
03595809122,Trevino Harvey,M,REGULAR,1969-05-31,1,Merle Roman,Little Burch,1,6694845,MAE,AC,CENTRO,23194-428,,Travessa Serrano,Nova Iguaçu,,,91998000507,A,2003-11-11,2021-10-06,/9j/4TyoRXhpZgAASUkqAAgAAAAOACWIBAABAAAALhcAABABAgAGAAAAtgAAAA4BAgAFAAAAvAAAABIBAwABAAAACAAAADIBAgAUAAAAwQAAAAABBAABAAAAAAoAABMCAwABAAAAAQAAACgBAwABAAAAAgAAAAEBBAABAAAAgAcAABsBBQABAAAA1QAAADEBAgAIAAAA3QAAAGmHBAABAAAA8gAAABoBBQABAAAA5QAAAA8BAgAFAAAA7QAAAHsXAABaMDBBRABKcGVnADIwMTc6MDY6MjggMTY6NDE6MDEASAAAAAEAAABBbmRyb2lkAEgAAAABAAAAQVNVUwAjAAGgAwABAAAAAQAAAASQAgAUAAAAnAIAAJ2CBQABAAAAsAIAAAqSBQABAAAAuAIAAAKSBQABAAAAwAIAAAiSAwABAAAAAAAAAAKkAwABAAAAAAAAAJKSAgAEAAAAMzA0AAOgBAABAAAAgAcAAAWSBQABAAAAyAIAAAakAwABAAAAAAAAAJGSAgAEAAAAMzA0AASkBQABAAAA0AIAAAmkAwABAAAAAAAAACKIAwABAAAAAgAAAAqkAwABAAAAAAAAAAOk
03633351108,Snider Baxter,M,REGULAR,1989-07-06,1,Lupe Silva,Gonzales Yang,1,6694845,CNT,PB,CENTRO,62074-695,,Travessa Serrano,Nova Iguaçu,9805,SE,92246636062,B,2014-01-04,2018-04-02,/9j/4TyoRXhpZgAASUkqAAgAAAAOACWIBAABAAAALhcAABABAgAGAAAAtgAAAA4BAgAFAAAAvAAAABIBAwABAAAACAAAADIBAgAUAAAAwQAAAAABBAABAAAAAAoAABMCAwABAAAAAQAAACgBAwABAAAAAgAAAAEBBAABAAAAgAcAABsBBQABAAAA1QAAADEBAgAIAAAA3QAAAGmHBAABAAAA8gAAABoBBQABAAAA5QAAAA8BAgAFAAAA7QAAAHsXAABaMDBBRABKcGVnADIwMTc6MDY6MjggMTY6NDE6MDEASAAAAAEAAABBbmRyb2lkAEgAAAABAAAAQVNVUwAjAAGgAwABAAAAAQAAAASQAgAUAAAAnAIAAJ2CBQABAAAAsAIAAAqSBQABAAAAuAIAAAKSBQABAAAAwAIAAAiSAwABAAAAAAAAAAKkAwABAAAAAAAAAJKSAgAEAAAAMzA0AAOgBAABAAAAgAcAAAWSBQABAAAAyAIAAAakAwABAAAAAAAAAJGSAgAEAAAAMzA0AASkBQABAAAA0AIAAAmkAwABAAAAAAAAACKIAwABAAAAAgAAAAqkAwABAAAAAAAAAAOk
03763572155,Lola Tanner,M,REGULAR,1998-09-26,1,Annmarie Griffith,Lewis Duncan,1,6694845,SES,MT,CENTRO,89993-745,,Travessa Serrano,Nova Iguaçu,4491,PE,94296736939,B,1999-07-14,2020-12-27,/9j/4TyoRXhpZgAASUkqAAgAAAAOACWIBAABAAAALhcAABABAgAGAAAAtgAAAA4BAgAFAAAAvAAAABIBAwABAAAACAAAADIBAgAUAAAAwQAAAAABBAABAAAAAAoAABMCAwABAAAAAQAAACgBAwABAAAAAgAAAAEBBAABAAAAgAcAABsBBQABAAAA1QAAADEBAgAIAAAA3QAAAGmHBAABAAAA8gAAABoBBQABAAAA5QAAAA8BAgAFAAAA7QAAAHsXAABaMDBBRABKcGVnADIwMTc6MDY6MjggMTY6NDE6MDEASAAAAAEAAABBbmRyb2lkAEgAAAABAAAAQVNVUwAjAAGgAwABAAAAAQAAAASQAgAUAAAAnAIAAJ2CBQABAAAAsAIAAAqSBQABAAAAuAIAAAKSBQABAAAAwAIAAAiSAwABAAAAAAAAAAKkAwABAAAAAAAAAJKSAgAEAAAAMzA0AAOgBAABAAAAgAcAAAWSBQABAAAAyAIAAAakAwABAAAAAAAAAJGSAgAEAAAAMzA0AASkBQABAAAA0AIAAAmkAwABAAAAAAAAACKIAwABAAAAAgAAAAqkAwABAAAAAAAAAAOk
03832951148,Ruth Savage,M,REGULAR,1961-08-29,1,Wallace Love,Tamara Byrd,1,6694845,MEX,MG,CENTRO,96397-598,,Travessa Serrano,Nova Iguaçu,7656,RR,95588391249,A,2003-05-27,2019-03-25,/9j/4TyoRXhpZgAASUkqAAgAAAAOACWIBAABAAAALhcAABABAgAGAAAAtgAAAA4BAgAFAAAAvAAAABIBAwABAAAACAAAADIBAgAUAAAAwQAAAAABBAABAAAAAAoAABMCAwABAAAAAQAAACgBAwABAAAAAgAAAAEBBAABAAAAgAcAABsBBQABAAAA1QAAADEBAgAIAAAA3QAAAGmHBAABAAAA8gAAABoBBQABAAAA5QAAAA8BAgAFAAAA7QAAAHsXAABaMDBBRABKcGVnADIwMTc6MDY6MjggMTY6NDE6MDEASAAAAAEAAABBbmRyb2lkAEgAAAABAAAAQVNVUwAjAAGgAwABAAAAAQAAAASQAgAUAAAAnAIAAJ2CBQABAAAAsAIAAAqSBQABAAAAuAIAAAKSBQABAAAAwAIAAAiSAwABAAAAAAAAAAKkAwABAAAAAAAAAJKSAgAEAAAAMzA0AAOgBAABAAAAgAcAAAWSBQABAAAAyAIAAAakAwABAAAAAAAAAJGSAgAEAAAAMzA0AASkBQABAAAA0AIAAAmkAwABAAAAAAAAACKIAwABAAAAAgAAAAqkAwABAAAAAAAAAAOk
03849644197,Schroeder Dixon,M,REGULAR,1967-01-24,1,Sweet Oconnor,Ladonna Witt,1,6694845,IPF,SP,CENTRO,21125-971,,Travessa Serrano,Nova Iguaçu,1647,AP,90894574301,C,1983-02-02,2019-09-21,/9j/4TyoRXhpZgAASUkqAAgAAAAOACWIBAABAAAALhcAABABAgAGAAAAtgAAAA4BAgAFAAAAvAAAABIBAwABAAAACAAAADIBAgAUAAAAwQAAAAABBAABAAAAAAoAABMCAwABAAAAAQAAACgBAwABAAAAAgAAAAEBBAABAAAAgAcAABsBBQABAAAA1QAAADEBAgAIAAAA3QAAAGmHBAABAAAA8gAAABoBBQABAAAA5QAAAA8BAgAFAAAA7QAAAHsXAABaMDBBRABKcGVnADIwMTc6MDY6MjggMTY6NDE6MDEASAAAAAEAAABBbmRyb2lkAEgAAAABAAAAQVNVUwAjAAGgAwABAAAAAQAAAASQAgAUAAAAnAIAAJ2CBQABAAAAsAIAAAqSBQABAAAAuAIAAAKSBQABAAAAwAIAAAiSAwABAAAAAAAAAAKkAwABAAAAAAAAAJKSAgAEAAAAMzA0AAOgBAABAAAAgAcAAAWSBQABAAAAyAIAAAakAwABAAAAAAAAAJGSAgAEAAAAMzA0AASkBQABAAAA0AIAAAmkAwABAAAAAAAAACKIAwABAAAAAgAAAAqkAwABAAAAAAAAAAOk
03850453952,Mills Yates,M,REGULAR,1960-02-27,1,Marisol Cherry,Pansy Alvarado,1,6694845,FGTS,RN,CENTRO,23557-597,,Travessa Serrano,Nova Iguaçu,6796,RR,91929215894,B,1981-05-24,2020-02-05,/9j/4TyoRXhpZgAASUkqAAgAAAAOACWIBAABAAAALhcAABABAgAGAAAAtgAAAA4BAgAFAAAAvAAAABIBAwABAAAACAAAADIBAgAUAAAAwQAAAAABBAABAAAAAAoAABMCAwABAAAAAQAAACgBAwABAAAAAgAAAAEBBAABAAAAgAcAABsBBQABAAAA1QAAADEBAgAIAAAA3QAAAGmHBAABAAAA8gAAABoBBQABAAAA5QAAAA8BAgAFAAAA7QAAAHsXAABaMDBBRABKcGVnADIwMTc6MDY6MjggMTY6NDE6MDEASAAAAAEAAABBbmRyb2lkAEgAAAABAAAAQVNVUwAjAAGgAwABAAAAAQAAAASQAgAUAAAAnAIAAJ2CBQABAAAAsAIAAAqSBQABAAAAuAIAAAKSBQABAAAAwAIAAAiSAwABAAAAAAAAAAKkAwABAAAAAAAAAJKSAgAEAAAAMzA0AAOgBAABAAAAgAcAAAWSBQABAAAAyAIAAAakAwABAAAAAAAAAJGSAgAEAAAAMzA0AASkBQABAAAA0AIAAAmkAwABAAAAAAAAACKIAwABAAAAAgAAAAqkAwABAAAAAAAAAAOk
03946232159,Carpenter Mcgowan,M,REGULAR,1992-01-20,1,Hope Weber,Wright Alston,1,6694845,SJTS,RN,CENTRO,39225-240,,Travessa Serrano,Nova Iguaçu,4741,SC,98493829313,A,2009-05-02,2019-09-10,/9j/4TyoRXhpZgAASUkqAAgAAAAOACWIBAABAAAALhcAABABAgAGAAAAtgAAAA4BAgAFAAAAvAAAABIBAwABAAAACAAAADIBAgAUAAAAwQAAAAABBAABAAAAAAoAABMCAwABAAAAAQAAACgBAwABAAAAAgAAAAEBBAABAAAAgAcAABsBBQABAAAA1QAAADEBAgAIAAAA3QAAAGmHBAABAAAA8gAAABoBBQABAAAA5QAAAA8BAgAFAAAA7QAAAHsXAABaMDBBRABKcGVnADIwMTc6MDY6MjggMTY6NDE6MDEASAAAAAEAAABBbmRyb2lkAEgAAAABAAAAQVNVUwAjAAGgAwABAAAAAQAAAASQAgAUAAAAnAIAAJ2CBQABAAAAsAIAAAqSBQABAAAAuAIAAAKSBQABAAAAwAIAAAiSAwABAAAAAAAAAAKkAwABAAAAAAAAAJKSAgAEAAAAMzA0AAOgBAABAAAAgAcAAAWSBQABAAAAyAIAAAakAwABAAAAAAAAAJGSAgAEAAAAMzA0AASkBQABAAAA0AIAAAmkAwABAAAAAAAAACKIAwABAAAAAgAAAAqkAwABAAAAAAAAAAOk
03964617199,Elva Hines,M,REGULAR,1967-07-26,1,Waters Chambers,Schwartz Lang,1,6694845,MMA,RJ,CENTRO,40784-566,,Travessa Serrano,Nova Iguaçu,1121,RR,94431379820,C,1990-08-25,2018-05-20,/9j/4TyoRXhpZgAASUkqAAgAAAAOACWIBAABAAAALhcAABABAgAGAAAAtgAAAA4BAgAFAAAAvAAAABIBAwABAAAACAAAADIBAgAUAAAAwQAAAAABBAABAAAAAAoAABMCAwABAAAAAQAAACgBAwABAAAAAgAAAAEBBAABAAAAgAcAABsBBQABAAAA1QAAADEBAgAIAAAA3QAAAGmHBAABAAAA8gAAABoBBQABAAAA5QAAAA8BAgAFAAAA7QAAAHsXAABaMDBBRABKcGVnADIwMTc6MDY6MjggMTY6NDE6MDEASAAAAAEAAABBbmRyb2lkAEgAAAABAAAAQVNVUwAjAAGgAwABAAAAAQAAAASQAgAUAAAAnAIAAJ2CBQABAAAAsAIAAAqSBQABAAAAuAIAAAKSBQABAAAAwAIAAAiSAwABAAAAAAAAAAKkAwABAAAAAAAAAJKSAgAEAAAAMzA0AAOgBAABAAAAgAcAAAWSBQABAAAAyAIAAAakAwABAAAAAAAAAJGSAgAEAAAAMzA0AASkBQABAAAA0AIAAAmkAwABAAAAAAAAACKIAwABAAAAAgAAAAqkAwABAAAAAAAAAAOk
04015506138,Liz Stuart,M,REGULAR,1963-07-27,1,Duncan Munoz,Ross Benton,1,6694845,ZZZ,GO,CENTRO,69707-521,,Travessa Serrano,Nova Iguaçu,3959,MA,96615073745,C,2013-04-14,2019-03-11,/9j/4TyoRXhpZgAASUkqAAgAAAAOACWIBAABAAAALhcAABABAgAGAAAAtgAAAA4BAgAFAAAAvAAAABIBAwABAAAACAAAADIBAgAUAAAAwQAAAAABBAABAAAAAAoAABMCAwABAAAAAQAAACgBAwABAAAAAgAAAAEBBAABAAAAgAcAABsBBQABAAAA1QAAADEBAgAIAAAA3QAAAGmHBAABAAAA8gAAABoBBQABAAAA5QAAAA8BAgAFAAAA7QAAAHsXAABaMDBBRABKcGVnADIwMTc6MDY6MjggMTY6NDE6MDEASAAAAAEAAABBbmRyb2lkAEgAAAABAAAAQVNVUwAjAAGgAwABAAAAAQAAAASQAgAUAAAAnAIAAJ2CBQABAAAAsAIAAAqSBQABAAAAuAIAAAKSBQABAAAAwAIAAAiSAwABAAAAAAAAAAKkAwABAAAAAAAAAJKSAgAEAAAAMzA0AAOgBAABAAAAgAcAAAWSBQABAAAAyAIAAAakAwABAAAAAAAAAJGSAgAEAAAAMzA0AASkBQABAAAA0AIAAAmkAwABAAAAAAAAACKIAwABAAAAAgAAAAqkAwABAAAAAAAAAAOk
04112216122,Betty Mcfarland,M,REGULAR,1993-07-03,1,Patricia Becker,Vilma Houston,1,6694845,POF,TO,CENTRO,95599-844,,Travessa Serrano,Nova Iguaçu,6152,BA,93557395811,C,2013-12-19,2020-04-07,/9j/4TyoRXhpZgAASUkqAAgAAAAOACWIBAABAAAALhcAABABAgAGAAAAtgAAAA4BAgAFAAAAvAAAABIBAwABAAAACAAAADIBAgAUAAAAwQAAAAABBAABAAAAAAoAABMCAwABAAAAAQAAACgBAwABAAAAAgAAAAEBBAABAAAAgAcAABsBBQABAAAA1QAAADEBAgAIAAAA3QAAAGmHBAABAAAA8gAAABoBBQABAAAA5QAAAA8BAgAFAAAA7QAAAHsXAABaMDBBRABKcGVnADIwMTc6MDY6MjggMTY6NDE6MDEASAAAAAEAAABBbmRyb2lkAEgAAAABAAAAQVNVUwAjAAGgAwABAAAAAQAAAASQAgAUAAAAnAIAAJ2CBQABAAAAsAIAAAqSBQABAAAAuAIAAAKSBQABAAAAwAIAAAiSAwABAAAAAAAAAAKkAwABAAAAAAAAAJKSAgAEAAAAMzA0AAOgBAABAAAAgAcAAAWSBQABAAAAyAIAAAakAwABAAAAAAAAAJGSAgAEAAAAMzA0AASkBQABAAAA0AIAAAmkAwABAAAAAAAAACKIAwABAAAAAgAAAAqkAwABAAAAAAAAAAOk
04266555164,Becky Benjamin,M,REGULAR,1970-09-11,1,Dunlap Emerson,Lourdes William,1,6694845,DIC,DF,CENTRO,92416-891,,Travessa Serrano,Nova Iguaçu,8992,RS,96074039252,B,2012-02-16,2018-03-01,/9j/4TyoRXhpZgAASUkqAAgAAAAOACWIBAABAAAALhcAABABAgAGAAAAtgAAAA4BAgAFAAAAvAAAABIBAwABAAAACAAAADIBAgAUAAAAwQAAAAABBAABAAAAAAoAABMCAwABAAAAAQAAACgBAwABAAAAAgAAAAEBBAABAAAAgAcAABsBBQABAAAA1QAAADEBAgAIAAAA3QAAAGmHBAABAAAA8gAAABoBBQABAAAA5QAAAA8BAgAFAAAA7QAAAHsXAABaMDBBRABKcGVnADIwMTc6MDY6MjggMTY6NDE6MDEASAAAAAEAAABBbmRyb2lkAEgAAAABAAAAQVNVUwAjAAGgAwABAAAAAQAAAASQAgAUAAAAnAIAAJ2CBQABAAAAsAIAAAqSBQABAAAAuAIAAAKSBQABAAAAwAIAAAiSAwABAAAAAAAAAAKkAwABAAAAAAAAAJKSAgAEAAAAMzA0AAOgBAABAAAAgAcAAAWSBQABAAAAyAIAAAakAwABAAAAAAAAAJGSAgAEAAAAMzA0AASkBQABAAAA0AIAAAmkAwABAAAAAAAAACKIAwABAAAAAgAAAAqkAwABAAAAAAAAAAOk
04320343158,Strong Marshall,M,REGULAR,1995-10-15,1,Mcleod Taylor,Rosie Carroll,1,6694845,POF,AC,CENTRO,87228-931,,Travessa Serrano,Nova Iguaçu,1450,SC,95178970955,B,2016-05-22,2018-07-30,/9j/4TyoRXhpZgAASUkqAAgAAAAOACWIBAABAAAALhcAABABAgAGAAAAtgAAAA4BAgAFAAAAvAAAABIBAwABAAAACAAAADIBAgAUAAAAwQAAAAABBAABAAAAAAoAABMCAwABAAAAAQAAACgBAwABAAAAAgAAAAEBBAABAAAAgAcAABsBBQABAAAA1QAAADEBAgAIAAAA3QAAAGmHBAABAAAA8gAAABoBBQABAAAA5QAAAA8BAgAFAAAA7QAAAHsXAABaMDBBRABKcGVnADIwMTc6MDY6MjggMTY6NDE6MDEASAAAAAEAAABBbmRyb2lkAEgAAAABAAAAQVNVUwAjAAGgAwABAAAAAQAAAASQAgAUAAAAnAIAAJ2CBQABAAAAsAIAAAqSBQABAAAAuAIAAAKSBQABAAAAwAIAAAiSAwABAAAAAAAAAAKkAwABAAAAAAAAAJKSAgAEAAAAMzA0AAOgBAABAAAAgAcAAAWSBQABAAAAyAIAAAakAwABAAAAAAAAAJGSAgAEAAAAMzA0AASkBQABAAAA0AIAAAmkAwABAAAAAAAAACKIAwABAAAAAgAAAAqkAwABAAAAAAAAAAOk
04462147103,Lakeisha Moss,M,REGULAR,1970-01-24,1,Nelda Terry,Winters Shields,1,6694845,SJTS,PI,CENTRO,34768-823,,Travessa Serrano,Nova Iguaçu,5111,PE,98265779161,A,2014-04-17,2021-10-04,/9j/4TyoRXhpZgAASUkqAAgAAAAOACWIBAABAAAALhcAABABAgAGAAAAtgAAAA4BAgAFAAAAvAAAABIBAwABAAAACAAAADIBAgAUAAAAwQAAAAABBAABAAAAAAoAABMCAwABAAAAAQAAACgBAwABAAAAAgAAAAEBBAABAAAAgAcAABsBBQABAAAA1QAAADEBAgAIAAAA3QAAAGmHBAABAAAA8gAAABoBBQABAAAA5QAAAA8BAgAFAAAA7QAAAHsXAABaMDBBRABKcGVnADIwMTc6MDY6MjggMTY6NDE6MDEASAAAAAEAAABBbmRyb2lkAEgAAAABAAAAQVNVUwAjAAGgAwABAAAAAQAAAASQAgAUAAAAnAIAAJ2CBQABAAAAsAIAAAqSBQABAAAAuAIAAAKSBQABAAAAwAIAAAiSAwABAAAAAAAAAAKkAwABAAAAAAAAAJKSAgAEAAAAMzA0AAOgBAABAAAAgAcAAAWSBQABAAAAyAIAAAakAwABAAAAAAAAAJGSAgAEAAAAMzA0AASkBQABAAAA0AIAAAmkAwABAAAAAAAAACKIAwABAAAAAgAAAAqkAwABAAAAAAAAAAOk
